filter,site,lat,lng,device,deploy_start,shutdown_mode,flow_avg_l_min,sample_vol_L,run_time_filter_hrs,run_time_hrs,gravi_pre_ug,gravi_post_ug,gravi_diff_ug,gravi_con_ugm3,error_flag
J0002,fort collins,40.59386,-105.075,AD00093,2020-10-16T17:20:00,2,1.96,6503.51,55.106,55.1,98063.33333,99077.66667,1014.333333,155.9670598,
J0004,fort collins,40.59387,-105.075,AD00105,2020-10-16T17:20:00,2,1.96,7018.18,59.501,59.5,97340,98132.66667,792.6666667,112.9447616,
J0005,fort collins,40.59413,-105.075,AD00097,2020-08-11T14:41:00,2,1.95,7705.43,65.681,65.68,,,,,
J0007,tainan,23.0016,120.2207,AD00092,2022-08-07T00:00:00,0,2,2880.05,24.004,46.97,,,,,
J0008,fort collins,40.59415,-105.075,AD00090,2020-08-03T16:41:00,1,1.95,,93.87,93.87,,,,,
J0010,fort collins,40.59384,-105.075,AD00103,2020-10-16T17:20:00,2,1.96,7070.08,59.897,59.89,96897,97674,777,109.8997465,
J0011,fort collins,40.59405,-105.075,AD00097,2021-06-23T15:00:00,1,1.99,2879.35,24.004,46.53,,,,,
J0012,fort collins,40.59412,-105.075,AD00098,2020-08-11T14:41:00,2,1.96,5830.69,49.363,49.36,,,,,
J0015,fort collins,40.59407,-105.075,AD00100,2021-07-27T15:00:00,1,1.96,2832.77,24.003,78.24,,,,,
J0016,fort collins,40.59412,-105.075,AD00093,2021-06-30T15:00:00,2,2,2880.01,24.004,52.16,,,,,
J0017,fort collins,40.59386,-105.075,AD00102,2020-10-16T17:21:00,2,1.96,6062.47,51.362,51.36,96717.66667,97754,1036.333333,170.9424267,
J0018,fort collins,40.5942,-105.075,AD00099,2020-07-29T17:41:00,2,1.96,7250.86,61.477,61.47,96691.66667,97186.66667,495,68.2677641,
J0019,fort collins,40.59413,-105.075,AD00095,2020-07-29T17:40:00,2,1.96,7854.41,66.751,66.75,98276.66667,98902,625.3333333,79.61557053,
J0020,fort collins,40.59408,-105.075,AD00101,2020-08-11T18:01:00,2,1.96,7468.72,63.403,63.4,,,,,
J0021,fort collins,40.59407,-105.075,AD00089,2020-10-02T22:40:00,2,1.96,4160.64,35.236,35.23,98484.33333,98820,335.6666667,80.67669077,
J0022,fort collins,40.5941,-105.075,AD00100,2020-10-02T22:41:00,2,1.96,4059.83,34.362,34.36,97134.33333,97354.66667,220.3333333,54.27156638,
J0023,fort collins,40.59405,-105.075,AD00102,2020-10-02T22:20:00,2,1.96,3308.24,28,28,96516.66667,96811.33333,294.6666667,89.0705229,
J0024,fort collins,40.59409,-105.075,AD00095,2020-10-02T22:40:00,2,1.96,3722.64,31.521,31.52,97677.33333,97903.33333,226,60.70960394,
J0025,fort collins,40.59408,-105.075,AD00099,2020-10-02T22:40:00,2,1.96,3468.91,29.373,29.37,97382,97621.66667,239.6666667,69.08990624,
J0026,fort collins,40.59403,-105.075,AD00103,2020-10-02T22:20:00,2,1.96,3993.57,33.819,33.81,96756,97140.33333,384.3333333,96.23803598,
J0027,fort collins,40.5941,-105.075,AD00093,2020-10-02T22:40:00,2,1.96,3883.75,32.881,32.88,96849.66667,97152.33333,302.6666667,77.93155241,
J0028,fort collins,40.59413,-105.075,AD00096,2020-10-02T22:20:00,2,1.96,3941.61,33.399,33.39,96066.66667,96650.66667,584,148.1628066,
J0030,sonipat,28.95262,77.10382,AD00096,2022-08-06T00:00:00,0,1.99,2879.73,24.004,43.98,96263.33333,98526,2262.666667,785.7218096,
J0031,fort collins,40.59404,-105.075,AD00093,2020-10-06T15:40:00,0,1.96,828.99,7.032,7.03,96563.66667,96612.66667,49,59.10807127,
J0032,fort collins,40.59409,-105.075,AD00099,2020-10-06T15:40:00,1,1.96,817.47,6.931,6.93,,,,,
J0034,atlanta,33.688,-84.2905,AD00089,2022-06-10T00:00:00,0,1.99,2873.87,24.004,34.97,,,,,
J0035,fort collins,40.59405,-105.075,AD00104,2020-10-13T17:00:00,0,1.96,5334.59,45.343,45.34,,,,,
J0036,taichung,24.16223,120.6165,AD00094,2022-08-11T02:01:00,2,2,1583.15,13.196,13.19,,,,,
J0038,fort collins,40.59407,-105.075,AD00099,2020-10-12T15:00:00,2,1.96,5764.5,48.936,48.93,,,,,
J0039,fort collins,40.59413,-105.075,AD00091,2021-11-23T16:00:00,2,2,2880.26,24.004,72.73,,,,,
J0040,fort collins,40.59406,-105.075,AD00103,2020-10-12T15:00:00,2,1.96,6499.43,55.16,55.16,,,,,
J0041,fort collins,40.59412,-105.075,AD00090,2020-10-12T15:00:00,2,1.95,6500.84,55.335,55.33,,,,,
J0043,fort collins,40.59407,-105.075,AD00102,2020-10-12T20:00:00,2,1.96,3398.67,28.857,28.85,,,,,
J0044,fort collins,40.5941,-105.075,AD00100,2020-10-12T14:42:00,2,1.96,5159.62,43.858,43.85,,,,,
J0046,fort collins,40.59407,-105.075,AD00105,2021-06-23T15:01:00,2,2,2880.27,24.004,55.97,,,,,
J0047,fort collins,40.59408,-105.075,AD00093,2020-10-12T14:40:00,2,1.96,6146.16,52.188,52.18,,,,,
J0049,fort collins,40.59387,-105.075,AD00089,2020-10-16T17:20:00,2,1.96,6911.17,58.586,58.58,97291.33333,98438,1146.666667,165.914985,
J0050,fort collins,40.59386,-105.075,AD00099,2020-10-16T17:20:00,2,1.96,6406.52,54.296,54.29,96825.33333,97503.33333,678,105.829686,
J0051,fort collins,40.59384,-105.075,AD00095,2020-10-16T17:20:00,2,1.96,7013.12,59.436,59.43,97184.33333,97931,746.6666667,106.4671169,
J0052,fort collins,40.5939,-105.075,AD00090,2020-10-16T17:20:00,2,1.96,6401.56,54.376,54.37,96088,97440.33333,1352.333333,211.250591,
J0053,fort collins,40.59387,-105.075,AD00104,2020-10-16T17:20:00,2,1.96,7698.59,65.263,65.26,95933,96303,370,48.06074879,
J0054,fort collins,40.59386,-105.075,AD00096,2020-10-16T17:20:00,2,1.96,7501.85,63.666,63.66,98084.66667,99463,1378.333333,183.7324571,
J0055,fort collins,40.59387,-105.075,AD00100,2020-10-20T15:20:00,2,1.96,7179.72,60.979,60.97,,,,,
J0056,fort collins,40.59384,-105.075,AD00093,2020-10-20T15:40:00,2,1.96,7072.1,59.953,59.95,,,,,
J0057,fort collins,40.59385,-105.075,AD00103,2020-10-20T15:40:00,2,1.96,7552.63,64.191,64.19,,,,,
J0058,fort collins,40.59387,-105.075,AD00099,2020-10-20T15:20:00,2,1.96,6788.61,57.571,57.57,,,,,
J0059,fort collins,40.59386,-105.075,AD00104,2020-10-20T15:40:00,0,1.96,6568,55.653,55.65,,,,,
J0060,fort collins,40.59386,-105.075,AD00090,2020-10-20T15:40:00,2,1.96,6579.2,55.932,55.93,,,,,
J0061,fort collins,40.59388,-105.075,AD00095,2020-10-20T15:40:00,2,1.96,7218.8,61.198,61.19,,,,,
J0062,fort collins,40.59386,-105.075,AD00105,2020-10-20T15:40:00,0,1.96,6610.3,55.985,55.98,,,,,
J0063,fort collins,40.59386,-105.075,AD00089,2020-10-20T15:40:00,2,1.96,7181.31,60.891,60.89,,,,,
J0064,fort collins,40.59412,-105.075,AD00098,2021-01-05T15:20:00,2,0.47,2835.8,99.895,99.89,,,,,
J0065,fort collins,40.59386,-105.075,AD00102,2020-10-20T15:40:00,2,1.96,5952.07,50.431,50.43,,,,,
J0066,fort collins,40.59385,-105.075,AD00096,2020-10-20T15:20:00,2,1.96,8214.66,69.673,69.67,,,,,
J0070,pasadena,34.41237,-118.551,AD00089,2020-12-14T19:40:00,1,1.98,149.23,1.256,1.25,,,,,
J0073,atlanta,33.68803,-84.2904,AD00096,2021-06-22T13:00:00,1,1.99,2879.39,24.004,29.39,,,,,
J0074,atlanta,33.68796,-84.2905,AD00091,2021-06-18T13:41:00,0,2,2879.85,24.004,52.46,,,,,
J0078,atlanta,33.68798,-84.2904,AD00096,2021-06-19T13:00:00,1,2,2886.86,24.004,71.53,,,,,
J0079,atlanta,33.7973,-84.3241,AD00089,2021-05-25T13:01:00,1,1.96,482.86,4.09,4.09,,,,,
J0081,pasadena,34.19942,-118.173,AD00099,2021-06-02T16:00:00,0,1.96,313.92,2.665,2.66,100476.6667,100478,1.333333333,4.247366633,
J0087,pasadena,34.19938,-118.173,AD00101,2021-10-14T16:00:00,3,1.99,2879.19,24.004,120,,,,,
J0089,pasadena,34.19938,-118.173,AD00099,2021-05-26T16:00:00,3,1.96,2825.34,24.002,120.08,100059,100118,59,20.88244247,
J0094,pasadena,34.19943,-118.173,AD00099,2021-05-19T16:00:00,3,1.96,2826.14,24,120.08,100123,100138,15,5.307592688,
J0095,pasadena,34.19944,-118.173,AD00099,2021-05-11T16:00:00,3,1.96,2825.26,24.002,120.08,97965.66667,98011,45.33333333,16.04572087,
J0099,fort collins,40.5941,-105.075,AD00105,2021-08-02T15:40:00,2,1.99,2879.7,24.004,54.08,,,,,
J0101,atlanta,33.68797,-84.2905,AD00096,2021-07-01T13:00:00,2,2,2879.84,24.004,68.82,,,,,
J0102,atlanta,33.68801,-84.2904,AD00096,2021-09-10T13:00:00,3,2,2879.85,24.004,96,100096.6667,100138,41.33333333,14.35259938,
J0103,atlanta,33.68798,-84.2904,AD00096,2021-06-24T13:00:00,3,1.99,2879.59,24.004,96,,,,,
J0107,pasadena,34.19942,-118.173,AD00099,2022-03-16T00:00:00,0,1.99,2871.15,24.004,31.99,97522.33333,97539.33333,17,5.920972433,
J0115,pasadena,34.1994,-118.173,AD00099,2021-11-22T18:01:00,3,2,2880.05,24.004,120,,,,,
J0116,pasadena,34.19943,-118.173,AD00097,2021-11-30T17:01:00,3,1.99,2879.72,24.004,120,,,,,
J0117,pasadena,34.1994,-118.173,AD00097,2021-11-22T18:01:00,3,1.99,2879.76,24.004,120,97290.33333,97333,42.66666667,14.81604949,
J0118,atlanta,33.79716,-84.3245,AD00097,2021-09-10T15:01:00,1,1.95,2905.5,24.801,24.8,96958.33333,97798.66667,840.3333333,289.2215912,
J0119,atlanta,33.68798,-84.2904,AD00096,2021-08-25T13:00:00,2,2,1846.04,15.387,15.38,97747.33333,97769,21.66666667,11.73683488,
J0120,atlanta,33.68798,-84.2904,AD00096,2021-07-14T13:00:00,3,1.99,2879.7,24.004,96,,,,,
J0121,atlanta,33.688,-84.2904,AD00096,2021-07-27T13:00:00,2,1.99,789.04,6.581,6.58,,,,,
J0122,atlanta,33.688,-84.2905,AD00091,2021-09-01T14:00:00,2,2,2879.87,24.004,65.76,97661.66667,97681.66667,20,6.944757923,
J0125,pasadena,34.19944,-118.173,AD00099,2021-11-30T17:01:00,3,2,2880.07,24.004,120,96903.66667,96971,67.33333333,23.37906139,
J0126,pasadena,34.19942,-118.173,AD00099,2021-12-07T17:00:00,3,2,2880.48,24.004,120,98919.66667,99012.33333,92.66666667,32.17056417,
J0130,atlanta,33.68801,-84.2905,AD00091,2021-10-15T13:00:00,2,2,1670.48,13.921,13.92,,,,,
J0131,atlanta,33.68802,-84.2904,AD00096,2021-09-02T13:00:00,3,1.99,2879.72,24.004,96,,,,,
J0132,atlanta,33.68795,-84.2904,AD00096,2021-07-21T13:00:00,2,1.99,2879.63,24.004,62.37,,,,,
J0133,atlanta,33.68799,-84.2904,AD00096,2021-10-01T13:00:00,2,1.99,11.99,0.1,0.1,,,,,
J0134,atlanta,33.68797,-84.2904,AD00096,2021-09-18T13:00:00,3,1.99,2879.49,24.004,120,,,,,
J0135,atlanta,33.68797,-84.2904,AD00091,2021-10-12T13:00:00,2,2,2139.03,17.829,17.82,,,,,
J0137,atlanta,33.68801,-84.2905,AD00096,2021-09-24T13:00:00,3,1.99,2877.64,24.003,120,,,,,
J0139,pasadena,34.19942,-118.173,AD00103,2021-10-07T16:00:00,3,1.99,2879.62,24.004,120,99972,100009.6667,37.66666667,13.08042959,
J0142,pasadena,34.1994,-118.173,AD00103,2021-09-17T16:00:00,1,1.99,2879.71,24.004,24.27,98439.33333,98555.66667,116.3333333,40.39758633,
J0143,pasadena,34.19942,-118.173,AD00103,2021-09-02T16:01:00,2,1.99,2879.69,24.004,64.52,99393.33333,99521.33333,128,44.44922891,
J0145,atlanta,33.77681,-84.3485,AD00089,2021-11-23T14:01:00,3,1.99,2879.3,24.004,120,,,,,
J0146,atlanta,33.68801,-84.2905,AD00095,2021-12-23T14:00:00,1,2,2880.42,24.004,120,101232,101267.6667,35.66666667,12.38245348,
J0148,atlanta,33.77686,-84.3485,AD00091,2021-11-06T13:01:00,1,2,2879.95,24.004,27.58,98639.33333,98675.66667,36.33333333,12.61595977,
J0151,atlanta,33.688,-84.2904,AD00095,2022-01-28T14:00:00,1,2,2880.3,24.004,120,98766,98778.66667,98778.66667,34294.5758,
J0152,atlanta,33.77685,-84.3484,AD00095,2021-12-01T15:00:00,3,1.99,2879.76,24.004,120,99369,99397,28,9.723032475,
J0153,atlanta,33.68799,-84.2904,AD00089,2022-01-29T00:00:00,0,1.99,2879.59,24.004,33.99,99775.66667,99794,18.33333333,6.366647104,
J0154,atlanta,33.68797,-84.2904,AD00089,2021-12-23T14:00:00,2,1.99,2879.36,24.004,74.23,98389.33333,98420.33333,31,10.7662814,
J0362,fort collins,40.59409,-105.075,AD00092,2021-11-20T16:00:00,2,2,2879.87,24.004,36.71,,,,,
J0363,fort collins,40.59416,-105.075,AD00100,2021-11-23T16:00:00,2,1.99,2879.39,24.004,60.8,,,,,
J0369,fort collins,40.59413,-105.075,AD00094,2021-11-23T16:00:00,2,1.99,2878.95,24.004,54.54,,,,,
J0374,pasadena,34.19944,-118.173,AD00099,2021-12-24T00:00:00,0,2,2880.1,24.004,30.99,101146.6667,101195,48.33333333,16.78182471,
J0375,atlanta,33.68796,-84.2904,AD00095,2022-03-25T13:00:00,2,2,2880.4,24.004,114.37,,,,,
J0376,pasadena,34.19945,-118.173,AD00099,2022-01-12T00:00:00,0,2,2879.83,24.004,30.99,100975.3333,100999.3333,24,8.333825261,
J0380,pasadena,34.19942,-118.173,AD00099,2022-01-05T00:00:00,0,2,2879.88,24.004,30.99,100230,100252,22,7.639207189,
J0383,pasadena,34.19935,-118.173,AD00099,2021-12-30T00:00:00,0,2,2880.87,24.004,30.99,99631.33333,99654.33333,23,7.983699369,
J0385,atlanta,33.68802,-84.2904,AD00089,2022-04-07T00:00:00,0,1.99,2878.81,24.004,34.99,,,,,
J0387,pasadena,34.19943,-118.173,AD00099,2022-01-26T00:00:00,0,2,2879.93,24.004,30.99,,,,,
J0388,pasadena,34.19938,-118.173,AD00099,2021-12-13T17:20:00,3,1.99,2877.38,24.003,120,101795,101864.6667,69.66666667,24.21184086,
J0389,fort collins,40.59412,-105.075,AD00094,2021-12-21T00:00:00,0,1.99,2879.55,24.004,31.99,,,,,
J0390,atlanta,33.68799,-84.2905,AD00095,2022-05-04T13:00:00,2,2,2045.95,17.05,17.05,,,,,
J0391,pasadena,34.19945,-118.173,AD00099,2022-03-10T00:00:00,0,1.99,2876.05,24.004,30.99,100184.3333,100238,53.66666667,18.65985176,
J0392,atlanta,33.68799,-84.2904,AD00089,2022-02-21T00:00:00,0,2,2879.94,24.004,33.99,,,,,
J0393,atlanta,33.68796,-84.2905,AD00095,2022-04-05T13:00:00,3,2,2882.75,24.004,120,,,,,
J0394,pasadena,34.19943,-118.173,AD00099,2022-03-19T00:00:00,0,1.99,2870.37,24.004,31.99,99755.66667,99822,66.33333333,23.1096804,
J0395,pasadena,34.1994,-118.173,AD00099,2022-02-20T00:00:00,0,1.99,2878.92,24.004,30.99,99227,99265.33333,38.33333333,13.31517838,
J0396,pasadena,34.19945,-118.173,AD00099,2022-02-11T00:00:00,0,2,2879.88,24.004,30.99,100369.3333,100472.3333,103,35.76537911,
J0397,atlanta,33.68803,-84.2905,AD00095,2022-03-15T13:00:00,2,2,2881.03,24.004,68.5,,,,,
J0398,pasadena,34.1994,-118.173,AD00099,2022-03-25T00:00:00,0,1.99,2866.15,24.004,31.99,99651.33333,99717,65.66666667,22.91110607,
J0399,atlanta,33.68792,-84.2904,AD00095,2022-02-26T15:00:00,2,2,2880.46,24.004,111.19,,,,,
J0401,taichung,24.16221,120.6165,AD00094,2022-06-04T00:02:00,2,1.97,2705.69,22.785,22.78,,,,,
J0403,atlanta,33.68796,-84.2904,AD00089,2022-03-01T00:00:00,0,1.99,2878.71,24.004,33.32,,,,,
J0404,atlanta,33.68799,-84.2903,AD00095,2022-02-18T14:01:00,1,2,2880.34,24.004,120,,,,,
J0406,atlanta,33.68799,-84.2904,AD00089,2022-12-11T00:00:00,0,1.86,2688.32,24.004,105.99,,,,,
J0407,pasadena,34.19941,-118.173,AD00099,2022-02-05T00:00:00,0,1.99,2879.69,24.004,30.99,98181.66667,98228.66667,47,16.32120124,
J0408,atlanta,33.68801,-84.2905,AD00089,2022-03-16T00:00:00,0,1.99,2878.68,24.004,34.99,,,,,
J0409,pretoria,-25.9005,28.10804,AD00103,2022-10-27T00:00:00,0,1.99,2865.91,24.004,40.97,100044,100064.3333,20.33333333,7.094895978,
J0410,atlanta,33.68802,-84.2904,AD00089,2022-03-26T00:00:00,0,1.99,2878.68,24.004,34.99,,,,,
J0411,pasadena,34.19939,-118.173,AD00099,2022-02-25T00:00:00,0,1.99,2879.2,24.004,30.32,100454,100537.6667,83.66666667,29.05899787,
J0414,atlanta,33.68801,-84.2905,AD00089,2022-02-10T00:00:00,0,1.99,2878.47,24.004,33.99,100207,100231.6667,24.66666667,8.569367291,
J0416,atlanta,33.688,-84.2904,AD00089,2022-05-05T00:00:00,0,1.89,2733.57,24.001,34.94,,,,,
J0418,pasadena,34.19947,-118.173,AD00099,2022-03-23T00:00:00,1,1.99,2868.67,24.004,28.75,99518.33333,99547.66667,29.33333333,10.22541224,
J0419,pasadena,34.19945,-118.173,AD00099,2022-05-07T00:00:00,0,1.86,2686.62,24.004,31.99,99893.33333,99902.66667,9.333333333,3.474005752,
J0421,pasadena,34.19949,-118.173,AD00099,2022-04-15T00:00:00,0,1.93,2786.56,24.004,31.99,100944,101039.6667,95.66666667,34.33145766,
J0422,pasadena,34.19945,-118.173,AD00099,2022-05-29T00:00:00,0,1.86,2687.68,24.004,55.99,99115,99124.33333,9.333333333,3.472635631,
J0423,pasadena,34.19948,-118.173,AD00099,2022-04-22T00:00:00,0,1.9,2743.7,24.004,31.99,98799,98832.66667,33.66666667,12.27053492,
J0424,pasadena,34.19943,-118.173,AD00099,2022-06-05T00:00:00,0,1.86,2687.54,24.004,31.99,99712,99720,8,2.976699882,
J0425,pasadena,34.19944,-118.173,AD00099,2022-06-11T00:00:00,0,1.86,2682.08,24.004,31.98,100407.6667,100413,5.333333333,1.988506433,
J0426,pasadena,34.19944,-118.173,AD00099,2022-07-06T00:00:00,0,1.86,2687.21,24.004,31.99,99930.33333,99978.66667,48.33333333,17.98643699,
J0427,pasadena,34.1994,-118.173,AD00099,2022-06-25T00:00:00,0,1.86,2686.69,24.004,31.98,99294.33333,99352,57.66666667,21.46383344,
J0429,pasadena,34.1994,-118.173,AD00099,2022-07-15T00:00:00,0,1.86,2687.21,24.003,31.98,100156.3333,100160.6667,4.333333333,1.612577109,
J0430,pasadena,34.19942,-118.173,AD00099,2022-04-30T00:00:00,0,1.88,2708.87,24.004,31.99,99700.66667,99749,48.33333333,17.84261826,
J0431,pasadena,34.19944,-118.173,AD00099,2022-05-21T00:00:00,0,1.86,2688.86,24.004,31.99,98346.33333,98484,137.6666667,51.19889718,
J0432,pasadena,34.19946,-118.173,AD00099,2022-05-15T00:00:00,0,1.86,2686.72,24.004,31.99,99089.33333,99094.66667,5.333333333,1.985072257,
J0434,pasadena,34.19947,-118.173,AD00099,2022-04-01T00:00:00,0,1.97,2845.24,24.004,31.99,,,,,
J0435,pasadena,34.19942,-118.173,AD00099,2022-05-05T00:00:00,1,1.86,2687.24,24.004,27.08,99210.33333,99264.66667,54.33333333,20.21901034,
J0436,pasadena,34.19946,-118.173,AD00099,2022-06-16T00:00:00,0,1.85,2669,24.004,31.98,99667,99670.66667,3.666666667,1.373797927,
J0437,pasadena,34.19933,-118.173,AD00099,2022-04-09T00:00:00,0,1.96,2823.25,24.004,31.99,100830,100837.6667,7.666666667,2.715546504,
J0438,pasadena,34.19944,-118.173,AD00099,2022-07-08T00:00:00,0,1.86,2687,24.003,31.32,99763.33333,99766.66667,3.333333333,1.240540876,
J0451,tainan,23.00162,120.2207,AD00092,2022-09-19T00:00:00,0,1.99,2879.21,24.004,46.97,,,,,
J0452,manesar,28.31767,76.91594,AD00088,2022-08-18T04:01:00,2,1.99,762.15,6.354,6.35,100252.3333,100269.3333,17,22.30532047,
J0453,manesar,28.31765,76.916,AD00088,2022-08-31T04:21:00,2,0.65,86.86,2.213,2.21,99939.66667,99959,19.33333333,222.5803976,
J0456,manesar,28.31764,76.91598,AD00088,2022-10-20T00:00:00,1,1.99,2876.31,24.004,25.32,100322.6667,100340.6667,18,6.258018086,
J0457,manesar,28.54397,77.33526,AD00102,2022-08-03T00:00:00,1,1.99,2878.3,24.004,24.34,99262.33333,99400.66667,138.3333333,48.06077662,
J0459,atlanta,33.68798,-84.2905,AD00089,2022-09-07T00:00:00,0,1.91,2760.7,24.004,34.99,99651.66667,99683,31.33333333,11.34977844,
J0460,tainan,23.00211,120.2206,AD00092,2022-09-28T00:00:00,2,1.99,2879.35,24.004,34.05,100483.6667,100515.6667,32,11.11361939,
J0461,manesar,28.3177,76.91597,AD00088,2022-07-27T00:00:00,1,1.99,2879.57,24.004,43.97,99451,99476.33333,25.33333333,8.797609828,
J0462,tainan,23.00163,120.2207,AD00092,2022-08-12T00:00:00,0,1.99,2879.45,24.004,46.97,99205.33333,99211.66667,6.333333333,2.199494116,
J0464,tainan,23.00217,120.2206,AD00101,2022-11-05T00:00:00,2,1.99,2878.74,24.004,31.97,100532.6667,100607.6667,75,26.05306488,
J0465,tainan,23.00217,120.2206,AD00092,2022-10-06T00:00:00,0,1.99,2877.86,24.004,46.97,99046.33333,99054.66667,8.333333333,2.895670162,
J0468,taichung,24.16222,120.6165,AD00094,2022-10-25T01:21:00,2,1.99,619.57,5.171,5.17,101490.3333,101509,18.66666667,30.1284224,
J0470,tainan,23.00217,120.2206,AD00092,2022-10-13T01:01:00,2,1.99,2375.07,19.808,19.8,100094.6667,100115.6667,21,8.841844661,
J0477,beijing,39.9527,116.4606,AD00100,2024-01-05T00:00:00,0,1.94,2798.81,24.001,46.95,,,,,
J0478,tainan,23.00223,120.2207,AD00101,2022-11-09T00:00:00,0,2,2880.18,24.004,46.97,99863.66667,99896.66667,33,11.45761723,
J0485,tainan,23.00215,120.2207,AD00092,2022-10-01T00:00:00,0,1.99,2878.56,24.004,46.97,100294.6667,100312.6667,18,6.253126563,
J0488,taichung,24.16222,120.6165,AD00094,2022-08-16T01:01:00,2,1.99,1959.32,16.333,16.33,99105.66667,99132.66667,27,13.78029112,
J0489,taichung,24.16223,120.6166,AD00094,2022-11-01T01:01:00,2,1.99,635.78,5.308,5.3,99857.66667,99881.66667,24,37.74890685,
J0494,manesar,28.54396,77.3353,AD00102,2022-07-27T00:00:00,2,1.99,2489.96,20.779,20.77,100568.3333,100617,48.66666667,19.54516003,
J0496,beijing,39.95277,116.4605,AD00100,2024-02-26T00:00:00,0,2,2880.32,24.004,43.91,,,,,
J0498,taichung,24.16222,120.6166,AD00094,2022-10-13T01:01:00,2,1.91,274.94,2.399,2.39,99626.66667,100471.6667,845,3073.397832,
J0499,tainan,23.00218,120.2206,AD00092,2022-09-24T00:00:00,0,1.99,2879.05,24.004,46.97,100434,100444.3333,10.33333333,3.589146883,
J0501,manesar,28.54392,77.33531,AD00102,2022-08-17T00:00:00,1,1.99,2879.67,24.004,26.52,100470.6667,100518.3333,47.66666667,16.5528226,
J0506,tainan,23.00165,120.2207,AD00092,2022-08-28T00:00:00,0,1.99,2879.21,24.004,46.97,101931.3333,101950.6667,19.33333333,6.714804871,
J0508,manesar,28.54397,77.33528,AD00102,2022-07-19T00:00:00,1,1.99,2879.06,24.004,24.06,100961,101055.3333,94.33333333,32.76532387,
J0509,manesar,28.31767,76.91596,AD00088,2022-08-10T00:00:00,0,1.99,2879.42,24.004,43.97,100137.3333,100196.6667,59.33333333,20.60600167,
J0511,manesar,28.54392,77.3353,AD00102,2022-08-24T00:00:00,1,2,2880.22,24.004,26.75,98905.66667,98958,52.33333333,18.16990832,
J0513,pasadena,34.19942,-118.173,AD00099,2022-08-26T00:00:00,0,1.86,2687.12,24.003,31.32,100776.3333,100900.6667,124.3333333,46.27010827,
J0515,pasadena,34.19942,-118.173,AD00099,2022-08-06T00:00:00,0,1.86,2687.16,24.003,31.98,100562.6667,100611.6667,49,18.23486506,
J0517,manesar,28.31772,76.91597,AD00088,2022-09-09T04:01:00,2,2,1160,9.663,9.66,100896.6667,100912.3333,15.66666667,13.50574713,
J0518,sonipat,28.95255,77.10384,AD00096,2022-12-24T04:01:00,0,1.93,2318.43,19.987,19.98,99707,99986,279,120.3400577,
J0519,manesar,28.54393,77.3353,AD00102,2022-08-10T00:00:00,1,1.99,2879.75,24.004,28.81,100609,100704.6667,95.66666667,33.22047631,
J0520,manesar,28.31767,76.91597,AD00088,2022-09-05T04:01:00,2,2,1840.44,15.339,15.33,100404,100451.3333,47.33333333,25.71848761,
J0521,pasadena,34.19942,-118.173,AD00099,2022-10-03T00:00:00,0,1.85,2668.98,24.003,31.98,100013,100091.3333,78.33333333,29.34953927,
J0523,pasadena,34.1994,-118.173,AD00097,2023-04-05T00:00:00,0,1.87,2694.43,24.004,31.99,100632.3333,100641.6667,9.333333333,3.463936095,
J0524,pretoria,-25.9005,28.10801,AD00103,2023-01-24T00:00:00,0,1.86,2686.54,24.004,40.97,100339.6667,100352.6667,13,4.838937816,
J0530,tainan,23.00164,120.2207,AD00092,2022-08-21T00:00:00,0,1.99,2879.29,24.004,46.97,99088.66667,99110,21.33333333,7.409233989,
J0532,pasadena,34.19944,-118.173,AD00099,2022-07-30T00:00:00,0,1.86,2687.46,24.004,31.98,100274.3333,100276.3333,2,0.744197123,
J0537,adama,9.033422,38.76477,AD00098,2023-04-15T00:00:00,1,1.89,1809.38,15.9,15.9,,,,,
J0538,beijing,39.9527,116.4606,AD00100,2024-01-27T00:00:00,0,2,2880.03,24.004,46.99,,,,,
J0541,adama,8.985671,38.71133,AD00098,2023-07-20T00:00:00,0,1.86,2008.89,17.975,17.97,,,,,
J0542,pretoria,-25.9004,28.10795,AD00103,2022-12-16T00:00:00,0,1.86,2687.75,24.004,40.97,101837.3333,101859.6667,22.33333333,8.309304561,
J0543,atlanta,33.68798,-84.2904,AD00089,2022-09-30T00:00:00,0,1.86,2688.63,24.004,34.98,99395,99415,20,7.438732737,
J0544,beijing,39.95271,116.4606,AD00100,2024-01-21T00:00:00,0,1.99,2879.08,24.004,46.99,,,,,
J0545,adama,8.542754,39.27579,AD00091,2024-03-09T00:00:00,0,1.99,2879.43,24.004,41.99,99491.33333,99969.33333,478,166.0050774,
J0549,pretoria,-25.9005,28.10802,AD00103,2022-10-29T00:00:00,0,1.98,2862.17,24.004,40.97,98858,98863.33333,5.333333333,1.863388035,
J0551,pretoria,-25.9005,28.10802,AD00103,2022-11-01T00:00:00,0,1.98,2859.84,24.004,40.97,98658.33333,98667.66667,9.333333333,3.263585842,
J0557,adama,8.985688,38.7113,AD00091,2023-06-08T00:00:00,0,1.99,2879.76,24.004,41.98,,,,,
J0560,pretoria,-25.9005,28.10801,AD00103,2022-11-03T00:00:00,0,1.97,2849.5,24.004,40.97,98332,98340,8,2.807510089,
J0561,pretoria,-25.9005,28.10801,AD00103,2022-11-05T00:00:00,0,1.96,2830.6,24.004,40.97,98771.66667,98775.66667,4,1.413127959,
J0562,pretoria,-25.9005,28.10803,AD00103,2022-11-08T00:00:00,0,1.94,2798.48,24.004,40.97,99620,99622,2,0.71467368,
J0566,adama,8.985646,38.71134,AD00091,2023-06-14T00:00:00,0,2,2879.89,24.004,41.98,99722.33333,99959,236.6666667,82.17906471,
J0569,manesar,28.54395,77.33529,AD00102,2022-09-02T00:00:00,1,1.99,2877.76,24.004,25.72,99759.33333,99916,156.6666667,54.44049075,
J0571,manesar,28.54395,77.33531,AD00102,2022-08-26T00:00:00,1,1.99,2878.61,24.004,31.43,100029.6667,100204.6667,175,60.79323007,
J0572,manesar,28.31769,76.916,AD00088,2022-10-15T00:00:00,0,1.99,2877.81,24.004,26.45,101972.6667,101989.3333,16.66666667,5.791440945,
J0573,atlanta,33.68801,-84.2905,AD00089,2022-09-20T00:00:00,0,1.87,2694.97,24.003,34.99,100465,100488.3333,23.33333333,8.658105038,
J0577,manesar,28.5439,77.33526,AD00102,2022-09-27T00:00:00,1,1.99,2840.04,23.691,23.69,98984.66667,99101,116.3333333,40.96186439,
J0578,manesar,28.31765,76.91598,AD00088,2022-09-26T04:01:00,2,2,1598.41,13.321,13.32,98915,98941,26,16.2661645,
J0579,manesar,28.54392,77.33531,AD00102,2022-09-13T00:00:00,1,1.99,2879.16,24.004,24.84,100672,100751,79,27.43855847,
J0580,manesar,28.54394,77.33531,AD00102,2022-09-29T00:00:00,2,1.98,2771.25,23.221,23.22,99899,100069.6667,170.6666667,61.5847241,
J0582,pasadena,34.19936,-118.173,AD00097,2023-02-23T00:00:00,0,1.99,2870.32,24.004,30.99,98819.66667,98825.33333,5.666666667,1.974228193,
J0584,manesar,28.54393,77.33529,AD00102,2022-09-20T00:00:00,1,1.99,2849.94,23.779,23.77,99832.66667,99914,81.33333333,28.53861251,
J0585,sonipat,28.9526,77.10385,AD00096,2022-10-21T00:00:00,2,1.98,2860.85,24.004,40.12,99279.33333,99971,691.6666667,241.7696372,
J0586,pasadena,34.19941,-118.173,AD00097,2023-03-19T00:00:00,0,1.94,2805.4,24.004,31.99,99020.66667,99027,6.333333333,2.257550914,
J0588,manesar,28.31765,76.91598,AD00088,2022-09-19T04:01:00,2,1.99,1925.38,16.05,16.05,100484.6667,100527.6667,43,22.3332537,
J0590,pretoria,-25.9005,28.10798,AD00103,2022-11-29T00:00:00,0,1.87,2695.66,24.004,40.97,100089.6667,100095.6667,6,2.22579999,
J0592,manesar,28.54396,77.33531,AD00102,2022-07-29T00:00:00,0,1.92,2773.16,24.004,24.07,101099.3333,101145.3333,46,16.58757518,
J0593,taichung,24.16222,120.6166,AD00094,2022-10-04T01:01:00,2,2,797.34,6.646,6.64,99819.66667,99838,18.33333333,22.99311879,
J0594,manesar,28.54394,77.33527,AD00102,2022-07-16T00:00:00,1,2,2855.12,23.792,23.79,99533.33333,99589.66667,56.33333333,19.73063596,
J0595,manesar,28.31767,76.916,AD00088,2022-09-29T00:00:00,1,1.99,2879.01,24.004,26.37,99792.33333,99851.33333,59,20.49315563,
J0598,manesar,28.31765,76.91597,AD00088,2022-10-13T00:00:00,1,1.99,2878.8,24.004,25.9,99218.33333,99226.33333,8,2.778935668,
J0604,pretoria,-25.9005,28.108,AD00103,2022-09-29T00:00:00,0,1.99,2878.71,24.004,40.97,99753.66667,99772.33333,18.66666667,6.484385946,
J0606,pretoria,-25.9005,28.10798,AD00103,2022-10-06T00:00:00,0,1.99,2878.83,24.004,40.99,99152.66667,99155.33333,2.666666667,0.926302236,
J0607,pretoria,-25.9116,28.13204,AD00104,2022-09-23T00:00:00,0,1.99,2878.75,24.004,40.99,100224,100363,139,48.28484585,
J0608,pretoria,-25.9005,28.10804,AD00103,2022-10-12T00:00:00,0,1.99,2878.14,24.004,40.97,99696,99720,24,8.338718756,
J0609,adama,9.033673,38.76548,AD00098,2023-07-30T00:00:00,0,1.86,2010.15,17.971,17.97,,,,,
J0612,pretoria,-25.9005,28.10804,AD00103,2022-10-17T00:00:00,0,1.99,2876.19,24.004,40.97,99043.66667,99051.66667,8,2.781457414,
J0613,pretoria,-25.9005,28.10803,AD00103,2022-12-20T00:00:00,2,1.86,2687.83,24.004,35.37,99990,100002.6667,12.66666667,4.712599631,
J0614,pretoria,-25.9005,28.10802,AD00103,2022-12-01T00:00:00,0,1.86,2692.22,24.004,40.97,100286,100306.3333,20.33333333,7.552626952,
J0616,pretoria,-25.9005,28.10799,AD00103,2022-11-24T00:00:00,0,1.9,2736.06,24.004,40.97,100668.3333,100754,85.66666667,31.31022955,
J0617,pretoria,-25.9005,28.10802,AD00103,2022-10-14T00:00:00,0,1.99,2877.15,24.004,40.97,98110,98129.33333,19.33333333,6.71961258,
J0620,adama,8.985691,38.71131,AD00098,2023-06-14T00:00:00,0,1.87,2706.08,24.004,41.98,100067.3333,100124.3333,57,21.06367883,
J0621,pretoria,-25.9005,28.108,AD00103,2022-10-19T07:01:00,0,1.99,2873.52,24.004,40.97,99753.66667,99881.66667,128,44.54466995,
J0622,noida,28.95257,77.10386,AD00096,2022-12-31T04:01:00,2,2,13.01,0.108,0.1,98810,98820.33333,10.33333333,794.260825,
J0623,atlanta,33.68799,-84.2905,AD00089,2022-07-15T00:00:00,0,1.99,2868.32,24.004,34.99,,,,,
J0628,adama,8.985649,38.71134,AD00091,2023-07-20T00:00:00,0,1.99,2879.21,24.004,41.97,,,,,
J0631,pasadena,34.19942,-118.173,AD00099,2022-09-08T00:00:00,0,1.86,2687.22,24.003,31.98,100504.6667,100522,17.33333333,6.450284433,
J0632,pasadena,34.19942,-118.173,AD00099,2022-08-13T00:00:00,0,1.86,2687.66,24.004,31.98,98253.33333,98354.33333,101,37.57915808,
J0634,pasadena,34.19942,-118.173,AD00099,2022-07-21T00:00:00,0,1.86,2687.02,24.003,31.98,100987.3333,100994,6.666666667,2.481063284,
J0635,pretoria,-25.9005,28.10798,AD00103,2022-12-08T00:00:00,0,1.86,2687.7,24.004,40.64,100610,100621.6667,11.66666667,4.340762238,
J0637,pasadena,34.19942,-118.173,AD00099,2022-09-15T00:00:00,0,1.86,2684.2,24.003,31.98,99226,99306.33333,80.33333333,29.92822194,
J0639,pasadena,34.1994,-118.173,AD00099,2022-09-12T00:00:00,0,1.86,2686.27,24.003,31.98,100534.3333,100599.3333,65,24.19712091,
J0640,pasadena,34.19945,-118.173,AD00099,2022-10-11T00:00:00,0,1.8,2598.92,24.002,31.98,101114,101174.6667,60.66666667,23.34302967,
J0644,pretoria,-25.9006,28.10799,AD00103,2022-12-14T00:00:00,0,1.86,2687.63,24.004,40.97,99910.66667,99920.33333,9.666666667,3.596725244,
J0646,noida,28.9526,77.10384,AD00096,2022-11-23T04:01:00,0,1.99,2397.18,19.987,19.98,99757.33333,99842.66667,85.33333333,35.59738248,
J0648,noida,28.95261,77.10385,AD00096,2022-09-02T00:00:00,0,1.95,2809.1,24.003,43.95,99984,100222.3333,238.3333333,84.84330687,
J0649,noida,28.9526,77.10384,AD00096,2023-01-05T04:01:00,0,1.94,2331.64,19.987,19.98,100276.3333,101111,834.6666667,357.9740726,
J0651,noida,28.95261,77.10388,AD00096,2022-11-11T00:00:00,0,1.93,2785.3,24.004,43.99,98977,100151.3333,1174.333333,421.6182578,
J0653,noida,28.95261,77.10385,AD00096,2022-11-16T00:00:00,0,1.96,2824.66,24.004,43.99,99668.33333,101023.3333,1355,479.703752,
J0654,pretoria,-25.9005,28.10805,AD00103,2022-12-10T00:00:00,0,1.86,2687.04,24.004,40.97,99828.66667,99837.33333,8.666666667,3.225358263,
J0656,atlanta,33.68799,-84.2903,AD00095,2022-07-27T13:01:00,2,2,1695.49,14.129,14.12,97720,97748,28,16.51439997,
J0657,pasadena,34.19942,-118.173,AD00099,2022-09-03T00:00:00,0,1.86,2687.5,24.004,31.98,99089.66667,99174.33333,84.66666667,31.50387597,
J0658,pretoria,-25.9005,28.10799,AD00103,2022-11-10T00:00:00,0,1.9,2748.61,24.004,40.97,99402.33333,99408.66667,6.333333333,2.304194969,
J0660,pretoria,-25.9116,28.13204,AD00103,2022-09-23T00:00:00,0,1.99,2879.12,24.004,40.99,98841.66667,98960.33333,118.6666667,41.21629757,
J0663,pasadena,34.19943,-118.173,AD00099,2022-09-22T00:00:00,0,1.86,2680.16,24.003,31.98,99415.33333,99441,25.66666667,9.576542694,
J0664,pasadena,34.19947,-118.173,AD00099,2022-10-15T00:00:00,0,1.79,2587.1,24.002,31.98,99846,99869.33333,23.33333333,9.019107624,
J0665,noida,28.9526,77.10387,AD00096,2022-10-14T00:00:00,0,1.99,2878.9,24.004,43.99,98868.33333,99866.33333,998,346.6601827,
J0668,pasadena,34.19944,-118.173,AD00099,2022-09-29T00:00:00,0,1.85,2674.11,24.003,31.98,99155.66667,99165,9.333333333,3.490257818,
J0669,pretoria,-25.9005,28.108,AD00103,2022-11-26T00:00:00,0,1.88,2717.58,24.004,40.97,100522.6667,100536.3333,13.66666667,5.028984121,
J0671,pasadena,34.19944,-118.173,AD00099,2022-08-20T00:00:00,0,1.85,2677.94,24.003,31.98,100845,100992,147,54.8929401,
J0672,pasadena,34.19942,-118.173,AD00099,2022-09-24T00:00:00,0,1.86,2678.73,24.003,31.98,100918.6667,100986.6667,68,25.38516386,
J0675,tainan,23.00164,120.2207,AD00101,2022-08-21T00:00:00,0,2,2881.22,24.004,46.97,,,,,
J0676,tainan,23.00165,120.2207,AD00101,2022-08-28T00:00:00,2,1.99,2879.35,24.004,24.87,,,,,
J0677,tainan,23.00163,120.2207,AD00101,2022-08-12T00:00:00,0,1.95,2817.36,24.001,46.94,,,,,
J0678,tainan,23.00217,120.2206,AD00101,2022-09-28T00:00:00,0,1.99,2878.68,24.004,46.97,,,,,
J0679,tainan,23.00217,120.2206,AD00101,2022-10-02T00:00:00,2,1.99,2878.97,24.004,27.39,,,,,
J0680,tainan,23.00215,120.2205,AD00101,2022-10-06T00:00:00,2,1.99,2879.35,24.004,29.4,,,,,
J0681,tainan,23.00221,120.2207,AD00101,2022-09-24T00:00:00,0,1.99,2879.23,24.004,46.97,,,,,
J0682,tainan,23.0016,120.2207,AD00101,2022-09-18T00:00:00,0,2,2880.08,24.004,46.97,,,,,
J0698,tainan,23.00216,120.2206,AD00101,2022-11-12T00:00:00,0,1.99,2878.91,24.004,46.97,97240,97466.33333,226.3333333,78.61771759,
J0705,tainan,23.00219,120.2207,AD00101,2022-11-20T00:00:00,0,1.99,2878.92,24.004,46.97,96471.33333,96545.33333,74,25.70408348,
J0707,taichung,24.16224,120.6165,AD00094,2022-12-08T01:01:00,2,1.98,2137.13,17.925,17.92,99569,99585.66667,16.66666667,7.798620892,
J0709,noida,28.54394,77.3353,AD00090,2023-01-07T00:00:00,0,1.56,2249.69,24.004,43.65,97102.33333,97138.33333,36,16.00220475,
J0714,noida,28.54391,77.33527,AD00102,2022-12-09T00:00:00,0,1.99,2873.91,24.004,24.09,97582.66667,97803.33333,220.6666667,76.78273386,
J0715,tainan,23.00218,120.2206,AD00101,2022-11-24T00:00:00,0,2,2880,24.004,46.97,97902,98189.33333,287.3333333,99.76851852,
J0722,tainan,23.00213,120.2206,AD00101,2022-12-08T00:00:00,0,2,2879.98,24.004,46.97,100040,100093.3333,53.33333333,18.51864712,
J0723,tainan,23.00219,120.2206,AD00101,2022-12-01T00:00:00,2,1.99,2879.41,24.004,30.71,98641,98664,23,7.98774749,
J0726,noida,28.54393,77.33528,AD00102,2022-12-23T00:00:00,0,1.56,2255.59,24.004,25.24,98583.33333,98922,338.6666667,150.1454904,
J0731,fort collins,40.59394,-105.075,AD00089,2023-03-29T15:00:00,1,1.89,106.99,0.942,0.94,,,,,
J0735,noida,28.54393,77.3353,AD00102,2022-12-16T00:00:00,0,1.98,2828.71,23.783,23.78,98175,98496.33333,321.3333333,113.5971285,
J0737,taichung,24.16226,120.6166,AD00094,2022-11-08T01:01:00,2,1.99,905.23,7.567,7.56,99145.33333,99166.66667,21.33333333,23.56675467,
J0738,noida,28.54393,77.33524,AD00090,2023-02-02T00:00:00,0,2,2880.6,24.004,43.99,98974.66667,99025.66667,51,17.70464487,
J0741,taichung,24.16219,120.6165,AD00094,2022-11-29T01:01:00,2,1.99,1137.81,9.525,9.52,99970.33333,99987.66667,17.33333333,15.23394357,
J0743,tainan,23.00214,120.2205,AD00101,2022-11-17T00:00:00,0,2,2879.83,24.004,46.97,96368.66667,96537.66667,169,58.68401954,
J0747,pretoria,-25.9005,28.10805,AD00103,2023-02-02T00:00:00,0,1.86,2687.35,24.004,40.97,98774,98779.66667,5.666666667,2.108644824,
J0748,pretoria,-25.9005,28.108,AD00103,2023-03-09T00:00:00,0,1.86,2684.33,24.002,40.99,98780.33333,98791.33333,11,4.097856821,
J0756,pretoria,-25.9005,28.108,AD00103,2023-01-19T00:00:00,1,1.86,2589.32,23.129,23.12,97005,97015.33333,10.33333333,3.990751755,
J0758,pretoria,-25.9005,28.108,AD00103,2023-01-26T00:00:00,0,1.86,2687.72,24.004,40.97,98864.66667,98894.66667,30,11.16187698,
J0759,pretoria,-25.9005,28.10802,AD00103,2023-01-31T00:00:00,0,1.86,2688.86,24.003,40.97,99736.66667,99744.66667,8,2.975238577,
J0760,manesar,28.31767,76.91599,AD00088,2022-11-11T00:00:00,1,1.79,2582.39,24.004,30.55,,,,,
J0761,pretoria,-25.9005,28.10798,AD00103,2023-02-17T00:00:00,0,1.86,2687.2,24.003,40.97,98467,98477,10,3.721345639,
J0762,pretoria,-25.9005,28.108,AD00103,2023-01-20T00:00:00,0,1.86,2686.81,24.004,40.97,98305.33333,98336.33333,31,11.537846,
J0763,pretoria,-25.9005,28.10798,AD00103,2023-02-07T00:00:00,0,1.86,2687.64,24.003,40.97,98434.66667,98444.33333,9.666666667,3.596711861,
J0764,noida,28.54393,77.33529,AD00090,2023-05-09T04:01:00,1,1.99,168.81,1.408,1.4,,,,,
J0769,noida,28.54392,77.33528,AD00090,2023-04-16T00:00:00,0,1.93,2785.73,24.004,43.65,,,,,
J0770,pretoria,-25.9005,28.10801,AD00103,2023-02-04T00:00:00,0,1.86,2687.17,24.003,40.97,97596,97599.66667,3.666666667,1.364508634,
J0772,pretoria,-25.9005,28.10797,AD00103,2023-03-20T00:00:00,0,1.86,2679.21,24.002,40.99,97380,97391.33333,11.33333333,4.230102655,
J0778,pretoria,-25.9005,28.10798,AD00103,2023-02-15T00:00:00,0,1.86,2687.26,24.004,40.97,97901.33333,97906,4.666666667,1.73658919,
J0779,pretoria,-25.9005,28.10799,AD00103,2023-02-23T00:00:00,0,1.86,2686.22,24.003,40.97,97364.66667,97370.66667,6,2.233621967,
J0780,pretoria,-25.9005,28.108,AD00103,2023-01-28T00:00:00,0,1.86,2686.54,24.003,40.97,96238,96258.33333,20.33333333,7.568595045,
J0784,pretoria,-25.9005,28.10796,AD00103,2023-03-01T00:00:00,0,1.86,2685.59,24.003,40.97,97784.66667,97809.33333,24.66666667,9.184822205,
J0785,pretoria,-25.9005,28.10798,AD00103,2023-02-21T00:00:00,0,1.86,2687.14,24.003,40.99,99840,99847.33333,7.333333333,2.729047736,
J0790,pretoria,-25.9005,28.108,AD00103,2023-03-07T00:00:00,0,1.86,2685.65,24.001,40.97,96893,96900.33333,7.333333333,2.730561813,
J0793,noida,28.54397,77.33528,AD00090,2023-02-25T00:00:00,1,1.86,2685.4,24.004,25.98,,,,,
J0794,noida,28.54397,77.33529,AD00090,2023-04-06T04:21:00,2,1.98,12.88,0.108,0.1,,,,,
J0795,pretoria,-25.9005,28.10799,AD00103,2023-03-17T00:00:00,0,1.86,2680.51,24.002,40.99,98411.33333,98423,11.66666667,4.352405575,
J0796,tainan,23.00217,120.2206,AD00101,2022-12-25T00:00:00,0,1.99,2870.69,24.004,46.97,99235.66667,99289.66667,54,18.81080855,
J0798,pasadena,34.19944,-118.173,AD00097,2023-03-25T00:00:00,0,1.91,2754.11,24.004,31.99,,,,,
J0801,pasadena,34.1994,-118.173,AD00097,2023-02-02T00:00:00,0,2,2880.32,24.004,30.99,97937,97943.33333,6.333333333,2.19882976,
J0806,pasadena,34.19942,-118.173,AD00097,2023-03-10T00:00:00,0,1.98,2853.09,24.004,30.99,98670,98672.66667,2.666666667,0.934659147,
J0807,tainan,23.00219,120.2206,AD00101,2023-01-12T00:00:00,0,1.91,2753.84,24.004,46.97,100012,100090,78,28.32408564,
J0809,taichung,24.16224,120.6166,AD00094,2023-01-09T01:41:00,2,1.93,1955.96,16.85,16.85,101471.6667,101495,23.33333333,11.92935098,
J0815,pasadena,34.19937,-118.173,AD00097,2023-01-26T00:00:00,0,2,2880.21,24.004,30.99,99817,99830,13,4.513559775,
J0817,tainan,23.00218,120.2205,AD00101,2023-02-05T00:00:00,0,1.78,2571.81,24.004,46.97,99115,99143.33333,28.33333333,11.01688435,
J0818,pasadena,34.19936,-118.173,AD00097,2023-02-11T00:00:00,0,1.99,2877.1,24.004,30.99,101982.3333,101986.3333,4,1.390288833,
J0819,tainan,23.00214,120.2205,AD00101,2023-02-08T01:01:00,2,1.81,1987.12,18.25,18.25,99043.33333,99074.66667,31.33333333,15.76821396,
J0825,tainan,23.00222,120.2207,AD00101,2023-02-18T01:21:00,2,1.75,1584.31,15.071,15.07,100583,100639.6667,56.66666667,35.76741084,
J0832,pasadena,34.19934,-118.173,AD00097,2023-02-19T00:00:00,0,1.99,2873.36,24.004,30.99,101847.3333,101848,0.666666667,0.232016408,
J0834,tainan,23.00211,120.2206,AD00101,2022-12-29T00:00:00,0,1.99,2871.04,24.004,46.97,99697.33333,99779.33333,82,28.56107891,
J0839,tainan,23.00216,120.2206,AD00101,2023-01-01T00:00:00,0,1.99,2869.1,24.004,46.97,100473,100516.6667,43.66666667,15.21963914,
J0844,tainan,23.00215,120.2206,AD00101,2023-02-11T01:01:00,2,1.82,1611.86,14.762,14.76,100024,100042.3333,18.33333333,11.37402338,
J0848,pasadena,34.19941,-118.173,AD00097,2023-01-18T00:00:00,0,2,2880.13,24.004,30.65,100217.6667,100219.3333,1.666666667,0.578677583,
J0858,adama,8.542819,39.27578,AD00091,2024-03-29T00:00:00,0,2,2880.07,24.004,41.97,100380,100467.6667,87.66666667,30.43907498,
J0870,taichung,24.16223,120.6166,AD00094,2023-05-27T01:01:00,2,1.86,1480.5,13.221,13.22,99826.33333,99853.33333,27,18.23708207,
J0874,taichung,24.16223,120.6166,AD00094,2023-04-18T01:01:00,2,1.86,1412.04,12.617,12.61,99720.66667,99746.33333,25.66666667,18.17701104,
J0893,taichung,24.1622,120.6166,AD00094,2023-05-24T01:01:00,2,1.86,2075.42,18.538,18.53,98736,98762,26,12.52758478,
J0896,adama,8.985711,38.71133,AD00091,2023-06-23T00:00:00,0,1.99,2878.42,24.004,41.98,99016,99345.33333,329.3333333,114.414621,
J0911,pretoria,-25.9005,28.10805,AD00103,2023-06-10T00:00:00,0,1.65,2384.66,24.004,40.93,100499.3333,100509.6667,10.33333333,4.33325226,
J0912,pretoria,-25.9005,28.10805,AD00103,2023-05-04T00:00:00,0,1.69,2436.16,24.003,40.93,99385,99387,2,0.82096414,
J0914,manesar,28.31764,76.916,AD00088,2023-05-30T04:00:00,2,1.78,1166.02,10.916,10.91,,,,,
J0915,manesar,28.31765,76.91602,AD00088,2023-05-24T04:00:00,2,1.82,1181.54,10.814,10.81,,,,,
J0916,manesar,28.31763,76.91604,AD00088,2023-06-02T04:01:00,2,1.82,1429.96,13.043,13.04,,,,,
J0920,manesar,28.31765,76.91595,AD00088,2023-05-26T04:00:00,2,1.82,1453.46,13.264,13.26,,,,,
J0921,pretoria,-25.9005,28.10797,AD00103,2023-06-20T00:00:00,0,1.62,2345.73,24.003,40.98,99697.33333,99699.33333,2,0.852613046,
J0924,pretoria,-25.9005,28.108,AD00103,2023-04-25T00:00:00,0,1.69,2440.35,24.001,40.93,100392,100400.6667,8.666666667,3.551403146,
J0925,pretoria,-25.9005,28.108,AD00103,2023-06-03T00:00:00,2,1.67,2375.71,23.594,23.59,99593.33333,99618.33333,25,10.52316992,
J0929,pretoria,-25.9005,28.10805,AD00103,2023-04-22T00:00:00,0,1.7,2456.43,24.002,40.97,99253.33333,99261,7.666666667,3.121060509,
J0930,manesar,28.31761,76.91602,AD00088,2023-05-15T04:00:00,2,1.81,954.66,8.756,8.75,,,,,
J0931,pretoria,-25.9005,28.10803,AD00103,2023-06-18T00:00:00,2,1.63,2351.4,24.002,37.66,98984.33333,98990.66667,6.333333333,2.693430864,
J0933,pretoria,-25.9005,28.10802,AD00103,2023-06-22T00:00:00,2,1.62,2343.1,24.002,33.99,100819,100828.3333,9.333333333,3.983326932,
J0937,pretoria,-25.9005,28.10795,AD00103,2023-04-27T00:00:00,2,1.69,2440.77,24.003,28.33,100023,100023.3333,0.333333333,0.136568924,
J0939,pretoria,-25.9005,28.10804,AD00103,2023-06-06T00:00:00,2,1.65,2381.31,24.003,37.66,99159.66667,99165,5.333333333,2.239663603,
J0940,manesar,28.31768,76.91596,AD00088,2023-05-12T05:00:00,2,1.82,1469.42,13.448,13.44,,,,,
J0943,manesar,28.31767,76.91601,AD00088,2023-05-17T04:00:00,2,1.82,1185.17,10.845,10.84,,,,,
J0944,manesar,28.31765,76.91597,AD00088,2023-05-22T04:00:00,2,1.82,1448.52,13.235,13.23,,,,,
J0945,pretoria,-25.9005,28.108,AD00103,2023-04-17T00:00:00,0,1.71,2471.69,24.003,40.97,99894.33333,99900.66667,6.333333333,2.562349378,
J0947,pretoria,-25.9005,28.10799,AD00103,2023-06-15T00:00:00,0,1.65,2377.44,24.002,40.97,99702.66667,99739,36.33333333,15.28254481,
J0948,pretoria,-25.9005,28.10804,AD00103,2023-05-25T00:00:00,0,1.67,2413.29,24.003,40.97,100518,100522.6667,4.666666667,1.933736379,
J0950,pretoria,-25.9005,28.10799,AD00103,2023-05-02T00:00:00,0,1.69,2438.41,24,40.93,100867.6667,100878.3333,10.66666667,4.374435254,
J0954,tainan,22.99467,120.2221,AD00403,2023-11-01T00:00:00,0,1.79,2584.48,24.003,46.97,99027.66667,99080.66667,53,20.50702656,
J0956,tainan,23.00208,120.2168,AD00403,2023-10-05T00:00:00,0,1.79,2581.69,24.001,46.7,,,,,
J0957,pasadena,34.1994,-118.173,AD00402,2023-06-23T00:00:00,0,1.84,2650.52,24.002,31.72,99647.66667,99692.66667,45,16.97780058,
J0963,taichung,24.16221,120.6166,AD00094,2023-07-12T00:00:00,0,1.86,2686.94,24.003,46.97,,,,,
J0965,tainan,22.99467,120.2222,AD00403,2023-11-25T00:00:00,0,1.78,2564.08,24.003,46.97,100649.3333,100756.6667,107.3333333,41.86036837,
J0967,tainan,22.99467,120.2222,AD00403,2023-11-04T00:00:00,0,1.78,2576.31,24.003,46.97,99759,99838,79,30.66401171,
J0968,pasadena,34.19965,-118.173,AD00097,2023-04-27T00:00:00,1,1.86,2687.93,24.004,28.29,98169.33333,98178.66667,9.333333333,3.472312647,
J0972,tainan,22.99468,120.2222,AD00403,2023-10-25T00:00:00,0,1.79,2582.7,24.003,46.97,101469,101548,79,30.58814419,
J0973,taichung,24.16222,120.6166,AD00094,2023-06-06T02:01:00,0,1.83,2413.63,21.899,21.89,100614.3333,100633,18.66666667,7.733855921,
J0974,tainan,22.99464,120.2222,AD00403,2023-10-21T00:00:00,0,1.79,2588.74,24.003,46.97,100395.6667,100429.6667,34,13.13380254,
J0976,taichung,24.16218,120.6166,AD00094,2023-06-16T01:01:00,0,1.86,2570.86,22.975,22.97,,,,,
J0977,taichung,24.16222,120.6166,AD00094,2023-07-04T00:00:00,0,1.86,2686.46,24.004,26.09,98641.33333,98668.33333,27,10.0504009,
J0978,tainan,22.99465,120.2221,AD00403,2023-10-28T00:00:00,0,1.79,2583.45,24.003,46.97,98576,98720.33333,144.3333333,55.86844465,
J0982,pasadena,34.19938,-118.173,AD00097,2023-05-03T00:00:00,0,1.86,2688.1,24.004,31.99,98375.33333,98380.33333,5,1.860049849,
J0983,pasadena,34.19943,-118.173,AD00402,2023-07-01T00:00:00,0,1.87,2705.45,24.004,31.98,98289.66667,98333,43.33333333,16.017052,
J0984,pasadena,34.19945,-118.173,AD00402,2023-06-28T00:00:00,0,1.87,2704.62,24.004,31.65,98119.66667,98153.66667,34,12.57108207,
J0985,tainan,22.99467,120.2222,AD00403,2023-11-11T00:00:00,0,1.79,2578.27,24.003,34.22,97753,97799,46,17.8414208,
J0987,tainan,22.99466,120.2222,AD00403,2023-11-22T00:00:00,0,1.78,2569.5,24.003,46.97,100221.3333,100272.3333,51,19.8482195,
J0990,taichung,24.16221,120.6166,AD00094,2023-06-10T01:01:00,0,1.86,2574.06,22.975,22.97,,,,,
J0991,taichung,24.16221,120.6166,AD00094,2023-06-20T01:01:00,0,1.86,2571.38,22.974,22.97,,,,,
J0996,pasadena,34.19947,-118.173,AD00097,2023-05-06T00:00:00,0,1.86,2688.53,24.004,31.99,99289.66667,99292.33333,2.666666667,0.991867923,
J0997,tainan,22.99468,120.2222,AD00403,2023-10-15T00:00:00,0,1.78,2564.47,24.002,94.37,99395.66667,99452.66667,57,22.2268149,
J0998,taichung,24.1622,120.6166,AD00094,2023-07-15T00:00:00,0,1.86,2686.21,24.003,46.97,99170,99197,27,10.05133627,
J0999,tainan,22.99468,120.2222,AD00403,2023-10-18T00:00:00,0,1.78,2574.31,24.003,46.97,100144.3333,100271.3333,127,49.33360784,
J1000,tainan,22.99463,120.2222,AD00403,2023-11-08T00:00:00,0,1.79,2582.81,24.003,46.97,98347.66667,98421,73.33333333,28.39284862,
J1007,taichung,24.16222,120.6166,AD00094,2023-06-27T01:01:00,0,1.86,2572.22,22.975,22.97,,,,,
J1008,pretoria,-25.9005,28.10799,AD00103,2023-07-27T00:00:00,0,1.62,2337.18,24.001,40.97,99966.33333,99986,19.66666667,8.414699196,
J1009,pretoria,-25.9005,28.108,AD00103,2023-08-08T00:00:00,0,1.6,2308,24.001,40.97,100099.6667,100107.6667,8,3.466204506,
J1010,pretoria,-25.9005,28.10796,AD00103,2023-07-14T00:00:00,2,1.63,2356.66,24.001,37.99,98882.66667,98889,6.333333333,2.687419201,
J1013,atlanta,33.68799,-84.2905,AD00403,2023-06-24T00:00:00,0,1.94,2806.67,24.004,34.99,98149.33333,98174,24.66666667,8.788588137,
J1014,atlanta,33.68797,-84.2904,AD00403,2023-07-01T00:00:00,0,1.94,2807.48,24.004,34.99,100482.3333,100541.3333,59,21.01528773,
J1015,pretoria,-25.9005,28.10801,AD00103,2023-09-05T00:00:00,2,1.62,2338.54,24.002,29.78,100261,100266,5,2.138086156,
J1018,pretoria,-25.9005,28.108,AD00103,2023-08-19T00:00:00,0,1.58,2283.49,24.004,40.97,100395.6667,100404.3333,8.666666667,3.795360026,
J1024,atlanta,33.688,-84.2904,AD00403,2023-07-08T00:00:00,0,1.94,2805.44,24.004,34.96,100602.6667,100627.6667,25,8.911258127,
J1025,atlanta,33.688,-84.2904,AD00403,2023-06-28T00:00:00,0,1.93,2793.16,24.004,34.99,100324.6667,100370.3333,45.66666667,16.34946321,
J1028,atlanta,33.68799,-84.2905,AD00403,2023-07-24T00:00:00,0,1.93,2791.79,24.004,82.99,100454.6667,100481,26.33333333,9.432419105,
J1029,pretoria,-25.9005,28.10801,AD00103,2023-08-17T00:00:00,2,1.58,2283.59,24.004,37.99,100852.3333,100862,9.666666667,4.233100805,
J1034,pretoria,-25.9005,28.10797,AD00103,2023-09-07T00:00:00,0,1.63,2349.29,24.002,40.88,100419.6667,100494.3333,74.66666667,31.78265206,
J1035,atlanta,33.688,-84.2905,AD00403,2023-07-17T00:00:00,0,1.94,2803.15,24.004,34.99,99449.66667,99505.33333,55.66666667,19.85861144,
J1036,pretoria,-25.9005,28.108,AD00103,2023-07-04T00:00:00,0,1.62,2345.22,24.002,40.63,99526,99535.66667,9.666666667,4.121859214,
J1037,pretoria,-25.9005,28.10801,AD00103,2023-09-12T00:00:00,0,1.58,2278.47,24.002,40.86,101062.3333,101076.6667,14.33333333,6.290771146,
J1040,atlanta,33.68797,-84.2904,AD00403,2023-06-21T00:00:00,0,1.95,2814.85,24.004,34.99,99030.66667,99051.33333,20.66666667,7.342013488,
J1041,pretoria,-25.9005,28.10801,AD00103,2023-07-20T00:00:00,0,1.61,2331.97,24.001,40.97,98732.33333,98736.33333,4,1.715287933,
J1043,pretoria,-25.9004,28.10803,AD00103,2023-09-01T00:00:00,0,1.59,2290.84,24.002,40.96,100071.3333,100073.3333,2,0.873042203,
J1044,pretoria,-25.9005,28.10796,AD00103,2023-06-24T00:00:00,2,1.63,2347.28,24.003,29.99,99765.66667,99774.33333,8.666666667,3.692216807,
J1045,atlanta,33.68796,-84.2904,AD00403,2023-06-17T00:00:00,0,1.89,2730.05,24.004,34.76,100570,100599,29,10.62251607,
J1046,pretoria,-25.9005,28.10801,AD00103,2023-08-12T00:00:00,0,1.61,2324.78,24.001,40.92,100590.6667,100593.3333,2.666666667,1.147061944,
J1047,pretoria,-25.9005,28.10799,AD00103,2023-08-02T00:00:00,0,1.62,2334.19,24.002,40.92,99737.66667,99739.33333,1.666666667,0.714023566,
J1048,pretoria,-25.9005,28.10799,AD00103,2023-07-18T00:00:00,2,1.62,2338.73,24.002,36.99,100135.3333,100205,69.66666667,29.7882469,
J1050,pretoria,-25.9005,28.108,AD00103,2023-08-22T00:00:00,2,1.57,2273.15,24.003,31.32,99220.66667,99233.33333,12.66666667,5.572296886,
J1052,pretoria,-25.9005,28.10801,AD00103,2023-07-01T00:00:00,0,1.62,2343.7,24.002,40.97,97783.33333,97789.33333,6,2.560054614,
J1053,pretoria,-25.9005,28.10802,AD00103,2023-06-27T00:00:00,0,1.63,2348.79,24.003,40.97,99142,99151.66667,9.666666667,4.115594271,
J1054,pretoria,-25.9005,28.10799,AD00103,2023-07-06T00:00:00,0,1.62,2338.85,24.002,40.97,100554.3333,100564,9.666666667,4.133085348,
J1057,atlanta,33.68796,-84.2904,AD00403,2023-07-05T00:00:00,0,1.94,2804.28,24.004,34.99,98514.33333,98604.33333,90,32.09379948,
J1062,pretoria,-25.9005,28.10801,AD00103,2023-11-02T00:00:00,2,1.6,2313.77,24.004,29,99320,99326.66667,6.666666667,2.881300504,
J1063,taichung,24.16222,120.6166,AD00094,2023-07-19T00:00:00,0,1.86,2687.62,24.003,46.97,,,,,
J1064,taichung,24.16227,120.6166,AD00094,2023-08-22T00:00:00,0,1.76,2546,24.004,46.47,,,,,
J1065,taichung,24.16221,120.6166,AD00094,2023-08-09T00:00:00,0,1.86,2686.91,24.003,46.97,,,,,
J1066,taichung,24.16225,120.6166,AD00094,2023-09-14T00:00:00,0,1.85,2669.34,24.001,46.97,,,,,
J1067,pretoria,-25.9005,28.10802,AD00103,2023-10-31T00:00:00,2,1.59,2292.13,24.004,31.42,98338,98341.66667,3.666666667,1.599676574,
J1073,pretoria,-25.9005,28.10803,AD00104,2023-12-03T00:00:00,2,1.85,2005.05,18.026,18.02,,,,,
J1075,taichung,24.16221,120.6166,AD00094,2023-08-02T00:00:00,0,1.78,2574.97,24,46.81,99463.33333,99481,17.66666667,6.860921357,
J1081,manesar,28.31764,76.91597,AD00088,2023-07-04T04:20:00,2,1.81,1398.21,12.852,12.85,,,,,
J1085,manesar,28.31773,76.916,AD00088,2023-08-03T04:20:00,2,1.82,1412.66,12.935,12.93,,,,,
J1086,manesar,28.31766,76.916,AD00088,2023-07-06T04:00:00,2,1.82,1169.01,10.687,10.68,,,,,
J1090,taichung,24.16222,120.6166,AD00094,2023-08-25T00:00:00,0,1.86,2679.68,24.001,46.96,,,,,
J1092,manesar,28.31759,76.91604,AD00408,2023-12-06T00:00:00,0,1.83,2645.66,24.004,42.97,,,,,
J1097,manesar,28.31766,76.91599,AD00408,2023-12-15T00:00:00,1,1.83,2636.67,24.004,25.89,,,,,
J1098,pretoria,-25.9005,28.108,AD00103,2023-10-24T00:00:00,0,1.57,2268.09,24.002,39.81,,,,,
J1105,manesar,28.31769,76.91593,AD00088,2023-07-27T04:00:00,2,1.79,1114.35,10.341,10.34,,,,,
J1108,pretoria,-25.9005,28.10801,AD00103,2023-11-04T00:00:00,2,1.6,2315.52,24,35.17,99827,99834.33333,7.333333333,3.167035194,
J1109,manesar,28.3177,76.91593,AD00088,2023-08-11T04:00:00,2,1.8,1520.76,14.022,14.02,,,,,
J1114,pretoria,-25.9005,28.10804,AD00103,2023-10-02T07:01:00,0,1.57,1589.49,16.879,16.87,,,,,
J1115,taichung,24.16223,120.6165,AD00094,2023-08-19T00:00:00,0,1.86,2687.64,24.004,46.96,,,,,
J1116,taichung,24.16221,120.6166,AD00094,2023-08-17T00:00:00,0,1.86,2686.01,24.003,46.63,,,,,
J1118,pretoria,-25.9005,28.10801,AD00103,2023-10-20T00:00:00,0,1.59,2290.07,24.003,40.29,,,,,
J1122,tainan,22.99466,120.2222,AD00406,2024-07-09T01:01:00,0,1.9,2629.27,22.975,22.97,,,,,
J1124,tainan,22.99462,120.2222,AD00406,2024-07-12T01:01:00,0,1.9,2627.2,22.975,22.97,,,,,
J1126,pretoria,-25.9005,28.10801,AD00103,2023-10-14T00:00:00,0,1.55,2233.02,24.003,64.09,,,,,
J1136,pretoria,-25.9005,28.10801,AD00103,2023-09-18T00:00:00,0,1.62,2338.46,24.002,38.83,,,,,
J1137,pretoria,-25.9005,28.10797,AD00103,2023-09-21T07:00:00,2,1.64,1162.9,11.811,11.81,,,,,
J1138,pretoria,-25.9004,28.10801,AD00103,2023-10-04T07:01:00,2,1.63,1255.9,12.79,12.79,,,,,
J1139,manesar,28.31764,76.91598,AD00088,2023-08-09T04:00:00,2,1.82,995.47,9.114,9.11,,,,,
J1147,pretoria,-25.9005,28.10797,AD00103,2023-09-20T00:00:00,0,1.55,2236.84,24.002,40.79,,,,,
J1150,manesar,28.31764,76.91599,AD00088,2023-07-18T04:01:00,2,1.74,934.59,8.924,8.92,,,,,
J1153,manesar,28.31767,76.916,AD00408,2023-12-12T00:00:00,0,1.83,2640.94,24.004,26.04,,,,,
J1159,pretoria,-25.9005,28.10799,AD00103,2023-10-07T07:01:00,2,1.62,1481.53,15.244,15.24,,,,,
J1160,manesar,28.31768,76.91603,AD00088,2023-07-25T04:00:00,2,1.79,621.78,5.779,5.77,,,,,
J1163,manesar,28.31766,76.91595,AD00088,2023-07-20T04:00:00,2,1.81,1140.95,10.483,10.48,,,,,
J1164,pretoria,-25.9005,28.10797,AD00103,2023-09-28T00:00:00,2,1.56,2256.07,24.002,42.51,,,,,
J1166,atlanta,33.68798,-84.2904,AD00403,2023-09-08T00:00:00,0,1.89,2725.55,24.004,34.99,99991.33333,100019.6667,28.33333333,10.39545535,
J1167,pasadena,34.19944,-118.173,AD00402,2023-08-27T00:00:00,0,1.87,2701.39,24.003,31.98,98479.66667,98499.33333,19.66666667,7.280202661,
J1168,atlanta,33.68801,-84.2905,AD00403,2023-07-27T00:00:00,0,1.94,2796.82,24.004,34.99,101155,101201.6667,46.66666667,16.68561676,
J1169,atlanta,33.68796,-84.2905,AD00403,2023-08-09T00:00:00,0,1.92,2773.02,24.004,34.99,100803,100830,27,9.73667698,
J1170,pasadena,34.19939,-118.173,AD00402,2023-07-15T00:00:00,0,1.85,2673.73,24.004,31.98,100155.3333,100197,41.66666667,15.58372261,
J1171,pasadena,34.19944,-118.173,AD00402,2023-09-22T00:00:00,0,1.79,2585.96,24.001,31.93,100521.3333,100554.6667,33.33333333,12.89011947,
J1173,atlanta,33.68797,-84.2904,AD00409,2023-10-23T00:00:00,0,1.86,2688.02,24.003,82.99,98950.66667,98976.33333,25.66666667,9.548540065,
J1174,pasadena,34.19944,-118.173,AD00402,2023-08-12T00:00:00,0,1.81,2613.74,24.004,31.97,98875.33333,98902.33333,27,10.33002517,
J1176,pasadena,34.1994,-118.173,AD00402,2023-08-23T00:00:00,0,1.86,2678.4,24.003,31.99,100343,100364.6667,21.66666667,8.089406611,
J1177,pasadena,34.19938,-118.173,AD00402,2023-09-28T00:00:00,0,1.81,2619.07,24.003,31.97,99926.33333,99970,43.66666667,16.6725848,
J1178,pasadena,34.1994,-118.173,AD00402,2023-07-21T00:00:00,0,1.84,2652.14,24.004,31.98,101397.3333,101428.3333,31,11.68867405,
J1179,atlanta,33.68801,-84.2905,AD00409,2023-10-13T00:00:00,0,1.87,2700.68,24.004,82.99,100386,100432,46,17.03274731,
J1180,pasadena,34.19938,-118.173,AD00402,2023-10-08T00:00:00,0,1.84,2651.5,24.001,55.94,100990.3333,101010.6667,20.33333333,7.668615249,
J1181,pasadena,34.19942,-118.173,AD00402,2023-07-18T00:00:00,0,1.84,2658.8,24.004,31.65,99426.66667,99465.33333,38.66666667,14.54290156,
J1182,atlanta,33.79709,-84.3228,AD00410,2024-03-01T14:01:00,1,2,2880.51,24.004,120.08,,,,,
J1183,pasadena,34.19947,-118.173,AD00402,2023-10-04T00:00:00,0,1.79,2584.95,24.002,31.96,99791.33333,99814.33333,23,8.897657595,
J1184,atlanta,33.68795,-84.2904,AD00409,2023-09-08T00:00:00,0,1.9,2735.79,24.004,34.99,100811,100845.6667,34.66666667,12.6715379,
J1185,atlanta,33.68801,-84.2905,AD00407,2023-10-11T00:00:00,0,1.86,2685.99,24.004,34.99,100752.6667,100771,18.33333333,6.825540428,
J1186,pasadena,34.19947,-118.173,AD00402,2023-09-16T00:00:00,0,1.79,2580.92,24.004,31.98,100841.3333,100874.3333,33,12.78613828,
J1187,pasadena,34.1994,-118.173,AD00402,2023-08-02T00:00:00,0,1.9,2745.88,24.004,31.98,99053.66667,99087.66667,34,12.38218713,
J1188,atlanta,33.68799,-84.2904,AD00409,2023-11-18T00:00:00,0,1.78,2576.3,24.001,33.7,,,,,
J1190,pasadena,34.1994,-118.173,AD00402,2023-07-12T00:00:00,0,1.85,2675.82,24.004,31.65,100138.3333,100169.3333,31,11.58523369,
J1191,atlanta,33.68796,-84.2904,AD00409,2023-08-24T00:00:00,0,1.91,2755.39,24.004,34.99,99171,99260.66667,89.66666667,32.54227774,
J1192,pasadena,34.1994,-118.173,AD00402,2023-07-06T00:00:00,0,1.85,2674.96,24.004,31.65,99754.33333,99833.33333,79,29.5331519,
J1194,atlanta,33.68794,-84.2904,AD00409,2023-09-20T00:00:00,0,1.89,2726.99,24.004,34.98,99517,99544.66667,27.66666667,10.14549619,
J1195,pasadena,34.19943,-118.173,AD00402,2023-10-01T00:00:00,0,1.84,2654.36,24.001,31.96,99444,99460.66667,16.66666667,6.278977481,
J1196,pasadena,34.19944,-118.173,AD00402,2023-08-05T00:00:00,2,1.9,1497.44,13.099,13.09,100308.6667,100331,22.33333333,14.9143427,
J1197,atlanta,33.68802,-84.2904,AD00403,2023-09-02T00:00:00,0,1.89,2734.4,24.004,34.99,99080,99103,23,8.411351668,
J1198,atlanta,33.68801,-84.2905,AD00405,2024-02-07T14:00:00,0,1.77,1053.33,9.898,9.89,,,,,
J1199,atlanta,33.68798,-84.2905,AD00409,2023-09-02T00:00:00,0,1.89,2731.69,24.004,34.99,99975,100000.3333,25.33333333,9.273868314,
J1200,atlanta,33.68797,-84.2905,AD00403,2023-08-12T00:00:00,0,1.92,2770.05,24.004,34.99,98540.66667,98566.33333,25.66666667,9.265777393,
J1201,atlanta,33.68796,-84.2904,AD00409,2023-08-31T00:00:00,0,1.89,2722.61,24.004,34.98,99900,99929.66667,29.66666667,10.896407,
J1202,atlanta,33.688,-84.2904,AD00409,2023-09-13T00:00:00,0,1.89,2732.59,24.004,34.99,99140.33333,99179.33333,39,14.27217402,
J1204,atlanta,33.68803,-84.2905,AD00407,2023-09-20T00:00:00,0,1.87,2697.28,24.002,34.71,100346,100366.3333,20.33333333,7.538458496,
J1206,atlanta,33.688,-84.2905,AD00409,2023-10-28T00:00:00,0,1.86,2678.27,24.004,34.98,99429.33333,99456.33333,27,10.08113446,
J1207,pasadena,34.1994,-118.173,AD00402,2023-09-05T00:00:00,0,1.79,2582.49,24.003,31.98,100815,100851.6667,36.66666667,14.19818341,
J1208,pasadena,34.19944,-118.173,AD00402,2023-07-30T00:00:00,0,1.79,2590.2,24.002,31.73,99937.66667,99984.33333,46.66666667,18.01662677,
J1209,atlanta,33.68797,-84.2905,AD00403,2023-08-31T00:00:00,0,1.89,2734.7,24.004,34.98,98386.66667,98409.33333,22.66666667,8.288538657,
J1210,pasadena,34.19941,-118.173,AD00402,2023-08-15T00:00:00,0,1.88,2721.23,24.004,31.99,99210.66667,99232.33333,21.66666667,7.962085772,
J1211,atlanta,33.68799,-84.2905,AD00403,2023-08-03T00:00:00,0,1.93,2785.86,24.004,58.99,100191.3333,100219.6667,28.33333333,10.17040818,
J1212,pasadena,34.19942,-118.173,AD00402,2023-09-19T00:00:00,0,1.79,2583.28,24.001,31.64,100313.6667,100337.6667,24,9.290514385,
J1213,pasadena,34.19943,-118.173,AD00402,2023-08-20T00:00:00,0,1.79,2585.07,24.004,31.98,100560,100588.3333,28.33333333,10.96037374,
J1214,atlanta,33.68796,-84.2905,AD00403,2023-08-17T00:00:00,0,1.91,2763.11,24.004,34.98,98315,98339.33333,24.33333333,8.806501852,
J1215,pasadena,34.19945,-118.173,AD00402,2023-07-26T16:00:00,0,1.84,2649.98,24.004,31.15,100804,100841.6667,37.66666667,14.21394375,
J1216,pasadena,34.19942,-118.173,AD00402,2023-09-08T00:00:00,0,1.83,2638.98,24.003,31.98,99354,99380,26,9.852291416,
J1217,pasadena,34.19941,-118.173,AD00402,2023-07-09T00:00:00,0,1.86,2680.55,24.004,31.98,98674.33333,98715,40.66666667,15.1710159,
J1219,taichung,24.16222,120.6166,AD00094,2023-09-22T00:00:00,0,1.83,2634.89,24.002,46.3,,,,,
J1220,tainan,22.99466,120.2222,AD00403,2024-04-13T01:00:00,0,1.85,2664.444,24.004,54.66,100753,100791.3333,38.33333333,14.38699156,
J1222,tainan,22.99468,120.2222,AD00403,2024-04-18T01:00:00,0,1.83,2635.6392,24.004,33.66,98233.33333,98275,41.66666667,15.80894178,
J1225,tainan,22.99467,120.2222,AD00403,2024-06-04T01:01:00,0,1.89,2613.62,22.975,22.97,97442,97582.33333,140.3333333,53.69308979,
J1228,tainan,22.99467,120.2222,AD00403,2024-06-17T01:00:00,0,1.87,2693.2488,24.004,38.43,96787.33333,96820.33333,33,12.25285982,
J1231,tainan,22.99469,120.2222,AD00403,2024-05-27T01:01:00,0,1.89,2612.34,22.979,22.97,89944,89963.66667,19.66666667,7.528371754,
J1234,tainan,22.99467,120.2222,AD00403,2024-05-22T01:01:00,0,1.89,2605.71,22.975,22.97,90107,90149.66667,42.66666667,16.37429594,
J1235,tainan,22.99464,120.2222,AD00403,2024-05-30T01:01:00,0,1.9,2624.33,22.975,22.97,97070,97112,42,16.00408485,
J1236,tainan,22.99467,120.2222,AD00403,2024-04-04T01:00:00,0,1.84,2650.0416,24.004,80,97415,97491.66667,76.66666667,28.93036346,
J1238,tainan,22.99467,120.2222,AD00403,2024-07-09T01:01:00,0,1.89,2617.17,22.975,22.97,,,,,
J1241,tainan,22.99465,120.2222,AD00403,2024-06-22T01:00:00,0,1.86,2678.8464,24.004,58.99,99426,99454,28,10.45226035,
J1242,taichung,24.16222,120.6166,AD00094,2023-09-25T00:00:00,0,1.81,2608.94,24.002,28.52,,,,,
J1255,taichung,24.16219,120.6166,AD00094,2023-12-15T01:02:00,0,1.73,318.32,3.054,3.05,,,,,
J1257,tainan,22.99467,120.2222,AD00403,2024-06-07T01:01:00,0,1.88,2595.09,22.975,22.97,96823,96861.66667,38.66666667,14.89993282,
J1258,taichung,24.16219,120.6166,AD00094,2023-10-14T00:00:00,0,1.77,2559.88,24.003,46.97,,,,,
J1259,tainan,22.99468,120.2222,AD00403,2024-04-10T01:00:00,0,1.84,2650.0416,24.004,32.33,98972,99059.66667,87.66666667,33.08124169,
J1264,adama,8.54285,39.27576,AD00091,2024-05-01T00:00:00,1,1.99,2875.73,24.004,32.98,,,,,
J1269,adama,8.542326,39.2762,AD00410,2024-07-09T06:01:00,1,1.99,2878.79,24.004,57.81,,,,,
J1271,adama,8.542791,39.27581,AD00091,2024-04-25T00:00:00,0,1.99,2878.18,24.004,41.32,97813.33333,98035.66667,222.3333333,77.24789045,
J1274,adama,8.542823,39.27576,AD00091,2024-05-11T00:00:00,0,1.98,2855.65,24.004,41.99,,,,,
J1281,adama,8.542817,39.27581,AD00091,2024-04-03T00:00:00,0,1.99,2879.15,24.004,41.98,,,,,
J1282,adama,8.54286,39.27582,AD00091,2024-05-21T00:00:00,0,1.98,2851.06,24.004,89.99,,,,,
J1284,adama,8.542845,39.27577,AD00091,2024-04-14T00:00:00,0,1.99,2878.52,24.004,41.97,98599,98824.66667,225.6666667,78.39676871,
J1288,adama,8.542796,39.27582,AD00091,2024-03-25T00:00:00,0,1.99,2879.4,24.004,41.99,95887,95990.66667,103.6666667,36.00287097,
J1298,adama,8.542759,39.27585,AD00091,2024-05-04T00:00:00,0,1.99,2875.51,24.004,41.99,,,,,
J1301,tainan,23.00223,120.2171,AD65535,2023-09-30T00:00:00,1,1.82,2622.56,24.004,32.49,,,,,
J1302,atlanta,33.82546,-84.3347,AD00414,2024-02-08T00:00:00,0,1.85,2668.32,24.004,33.65,,,,,
J1303,atlanta,33.81066,-84.3049,AD00408,2023-10-06T00:00:00,0,1.88,2716.21,24.004,34.99,,,,,
J1304,atlanta,33.81059,-84.3048,AD00407,2023-08-27T00:00:00,0,1.89,2722.71,24.004,34.98,,,,,
J1305,tainan,22.99468,120.2222,AD00403,2023-12-10T00:00:00,0,1.78,2570.2,24.003,46.97,100118.3333,100251.3333,133,51.74694576,
J1308,tainan,22.99464,120.2222,AD00403,2023-12-16T00:00:00,0,1.78,2567.64,24.003,46.97,99883.33333,99974.33333,91,35.44110545,
J1310,tainan,22.99465,120.2222,AD00403,2023-12-14T00:00:00,1,1.77,2558.51,24.003,35.21,99587,99633.33333,46.33333333,18.10949863,
J1312,tainan,22.99467,120.2222,AD00403,2024-03-29T01:00:00,0,1.85,2664.444,24.004,40.66,95224.33333,95283.66667,59.33333333,22.26856085,
J1314,taichung,24.16222,120.6166,AD00094,2023-11-06T01:01:00,0,1.74,75.2,0.719,0.71,,,,,
J1320,tainan,22.99469,120.2221,AD00403,2024-02-02T01:00:00,0,1.87,2693.2488,24.004,58.66,98792.66667,99066,273.3333333,101.4883338,
J1323,tainan,22.99467,120.2222,AD00403,2023-11-29T00:00:00,0,1.78,2573.76,24.003,46.97,97981.33333,98048.33333,67,26.03195325,
J1329,tainan,22.99467,120.2222,AD00403,2024-03-20T01:01:00,0,1.86,2570.13,22.975,22.97,96925.66667,97073.66667,148,57.5846358,
J1339,tainan,22.99465,120.2222,AD00403,2024-03-16T01:01:00,0,1.87,2582.48,22.979,22.97,97955.33333,98082.33333,127,49.17753477,
J1348,tainan,22.99466,120.2222,AD00403,2024-03-23T01:01:00,0,1.88,2600.15,22.975,22.97,96636.33333,96686,49.66666667,19.1014621,
J1357,tainan,22.99468,120.2222,AD00403,2024-03-26T01:01:00,0,1.86,2573.44,22.975,22.97,98833.33333,98902,68.66666667,26.6828318,
J1358,tainan,22.99465,120.2222,AD00403,2024-03-13T01:01:00,0,1.81,2474.74,22.793,22.79,,,,,
J1361,taichung,24.16221,120.6166,AD00094,2023-11-09T01:01:00,0,1.73,940.7,9.048,9.04,,,,,
J1370,atlanta,33.68799,-84.2904,AD00405,2024-01-19T14:00:00,0,1.76,2547.79,24.002,33.7,,,,,
J1371,atlanta,33.68814,-84.2906,AD00405,2024-01-13T00:00:00,0,1.77,2556.65,24.003,33.71,,,,,
J1372,pasadena,34.19944,-118.173,AD00402,2024-01-11T00:00:00,0,1.72,2486.51,24.004,30.96,95937.66667,95953.66667,16,6.434721759,
J1373,atlanta,33.68805,-84.2905,AD00405,2023-12-14T00:00:00,0,1.79,2583.5,24.001,33.72,96076.33333,96103,26.66666667,10.32191472,
J1374,atlanta,33.68803,-84.2905,AD00405,2023-11-19T00:00:00,0,1.78,2563.6,24.001,33.72,98887.66667,98907,19.33333333,7.54147813,
J1378,pasadena,34.19942,-118.173,AD00402,2023-11-30T00:00:00,0,1.78,2569.2,24,30.96,98153.66667,98166.66667,13,5.059940838,
J1381,pasadena,34.19944,-118.173,AD00402,2023-12-10T00:00:00,0,1.77,2553.47,24.004,54.94,96890.66667,96912.33333,21.66666667,8.485185519,
J1383,atlanta,33.68798,-84.2905,AD00405,2024-01-26T14:00:00,0,1.77,2560.25,24,33.71,,,,,
J1385,pasadena,34.19939,-118.173,AD00402,2024-01-06T00:00:00,0,1.73,2493.57,24.004,30.96,96442.33333,96455,12.66666667,5.079731737,
J1389,atlanta,33.68799,-84.2904,AD00405,2023-11-21T00:00:00,0,1.78,2563.6,24,33.73,97565.33333,97585.33333,20,7.8015291,
J1393,pasadena,34.19941,-118.173,AD00402,2024-01-26T00:00:00,0,1.72,2480.08,24.004,30.96,96318.66667,96330.66667,12,4.838553595,
J1394,pasadena,34.19938,-118.173,AD00402,2023-12-21T00:00:00,0,1.74,2519.54,24.004,30.62,96920,96927.66667,7.666666667,3.042883489,
J1395,atlanta,33.82535,-84.3347,AD00413,2024-02-17T00:00:00,0,1.84,2652.08,24.003,33.4,,,,,
J1396,pasadena,34.19946,-118.173,AD00402,2023-12-30T00:00:00,0,1.74,2506.16,24.004,30.96,97339.33333,97392.33333,53,21.1478916,
J1398,atlanta,33.68801,-84.2905,AD00405,2024-01-05T00:00:00,0,1.78,2565.25,24.001,33.71,,,,,
J1399,pasadena,34.19942,-118.173,AD00402,2023-12-12T00:00:00,0,1.76,2536.23,24.004,30.96,100427.3333,100452,24.66666667,9.725721511,
J1401,pasadena,34.19939,-118.173,AD00402,2023-11-09T00:00:00,0,1.79,2578.77,24,30.29,96743.66667,96763.33333,19.66666667,7.626374848,
J1404,pasadena,34.1994,-118.173,AD00402,2023-11-21T00:00:00,0,1.78,2570.87,24.001,30.62,97344.66667,97393,48.33333333,18.80038016,
J1406,atlanta,33.68801,-84.2905,AD00405,2023-12-24T00:00:00,0,1.79,2583.39,24.004,33.71,96925.66667,96950.66667,25,9.677207081,
J1408,pasadena,34.1994,-118.173,AD00402,2023-11-12T00:00:00,0,1.78,2576.38,24,30.96,100850.3333,100866.3333,16,6.210264014,
J1409,pasadena,34.19942,-118.173,AD00402,2023-12-15T00:00:00,0,1.75,2531.88,24.004,30.96,103506,103525.6667,19.66666667,7.767614052,
J1410,atlanta,33.68797,-84.2904,AD00405,2023-11-09T00:00:00,0,1.79,2589.83,24.001,33.72,100264.3333,100288,23.66666667,9.138308949,
J1411,pasadena,34.1995,-118.173,AD00402,2023-11-15T00:00:00,0,1.78,2575.9,24,30.96,99398,99423.33333,25.33333333,9.834750314,
J1414,pasadena,34.1995,-118.173,AD00402,2023-11-18T00:00:00,0,1.78,2569.81,24,30.96,98322.66667,98351,28.33333333,11.02545843,
J1415,pasadena,34.19947,-118.173,AD00402,2023-11-04T00:00:00,0,1.79,2582.25,24,54.94,105570.3333,105608.3333,38,14.71584858,
J1416,pasadena,34.19942,-118.173,AD00402,2023-12-24T00:00:00,0,1.74,2512.73,24.004,30.96,97284,97305,21,8.357443896,
J1417,atlanta,33.68796,-84.2904,AD00409,2023-11-09T00:00:00,0,1.8,2595,24.004,33.7,101630.3333,101667,36.66666667,14.12973667,
J1418,atlanta,33.79703,-84.323,AD00412,2024-02-28T00:00:00,0,1.71,1026.48,9.996,9.99,,,,,
J1430,manesar,28.31772,76.916,AD00408,2023-12-02T00:00:00,0,1.84,2651.98,24.004,29.94,,,,,
J1432,manesar,28.54395,77.3353,AD00409,2023-11-30T04:00:00,2,1.72,12.36,0.119,0.11,,,,,
J1437,noida,28.54394,77.33529,AD00088,2024-03-19T04:01:00,2,1.67,1545.18,15.421,15.42,97794,97871.33333,77.33333333,50.04810659,
J1440,adama,9.033278,38.76527,AD00093,2024-03-26T00:00:00,2,1.85,2674.47,24.004,25.94,,,,,
J1443,noida,28.54387,77.33528,AD00409,2023-12-29T00:00:00,0,1.43,2069.34,24.002,42.65,,,,,
J1457,noida,28.54389,77.33527,AD00409,2023-12-22T00:00:00,0,1.31,1888.61,24.003,30.17,,,,,
J1468,noida,28.54392,77.33524,AD00088,2024-05-22T05:01:00,2,1.75,1321.43,12.585,12.58,101853,101887.6667,34.66666667,26.23420587,
J1475,noida,28.54393,77.33527,AD00414,2024-07-30T00:00:00,0,1.79,2578.03,24.004,30.43,95626.33333,95729.33333,103,39.95298736,
J1477,noida,28.54386,77.33525,AD00409,2023-12-19T00:00:00,0,1.74,2517.62,24.002,43.63,,,,,
J1478,manesar,28.31763,76.91602,AD00408,2024-01-03T00:00:00,0,1.82,2626.24,24.004,43.64,,,,,
J1479,manesar,28.31763,76.91593,AD00408,2023-12-19T00:00:00,1,1.82,2627.05,24.004,25,,,,,
J1482,noida,28.54394,77.33529,AD00088,2024-06-07T04:01:00,2,1.74,1239.54,11.873,11.87,98921,98979.66667,58.66666667,47.32938563,
J1540,noida,28.54394,77.33529,AD00088,2024-05-27T04:01:00,2,1.77,9.24,0.087,0.08,92156.33333,92247.33333,91,9848.484848,
J1548,pretoria,-25.9005,28.10802,AD00104,2024-02-19T07:01:00,0,1.82,1856.23,16.975,16.97,97680.33333,97686.66667,6.333333333,3.411933507,
J1551,pretoria,-25.9005,28.10802,AD00104,2024-02-28T07:01:00,0,1.8,1840.54,16.975,16.97,100095.6667,100143.3333,47.66666667,25.89819654,
J1553,noida,28.54395,77.33526,AD00409,2023-12-03T00:00:00,0,1.65,2377.76,24.003,43.63,,,,,
J1556,noida,28.31766,76.91596,AD00408,2024-01-09T00:00:00,0,1.81,2615.89,24.004,43.97,,,,,
J1571,pretoria,-25.9005,28.10802,AD00104,2024-01-19T00:00:00,0,1.84,2659.07,24.004,40.97,99018.66667,99026,7.333333333,2.757856444,
J1574,pretoria,-25.9005,28.108,AD00104,2024-01-16T00:00:00,2,1.89,2072.41,18.2,18.2,98767.33333,98782.33333,15,7.23795002,
J1584,pretoria,-25.9005,28.10801,AD00104,2024-01-05T00:00:00,2,1.9,2083.46,18.204,18.2,,,,,
J1588,pretoria,-25.9005,28.10797,AD00104,2024-01-24T07:01:00,2,1.89,1744.63,15.366,15.36,99549,99554,5,2.86593719,
J1589,pretoria,-25.9005,28.10797,AD00104,2024-01-23T00:00:00,2,1.88,2363.56,20.854,20.85,95915.33333,95950.66667,35.33333333,14.94920092,
J1591,pretoria,-25.9005,28.10802,AD00104,2024-01-11T00:00:00,2,1.85,2677.12,24.004,39.99,,,,,
J1593,pretoria,-25.9005,28.10801,AD00104,2024-02-12T07:01:00,0,1.83,1866.32,16.975,16.97,100413.3333,100419,5.666666667,3.036278166,
J1599,pretoria,-25.9005,28.108,AD00104,2024-02-08T00:00:00,0,1.84,2658.05,24.004,40.97,100158.3333,100171.3333,13,4.890803409,
J1603,pretoria,-25.9005,28.10799,AD00104,2024-01-09T00:00:00,0,1.87,2696.78,24.004,40.98,98408,98412.33333,4.333333333,1.606854594,
J1610,pretoria,-25.9005,28.108,AD00104,2024-02-06T00:00:00,0,1.82,2633.8,24.004,40.99,98684.33333,98735.33333,51,19.36365707,
J1614,pretoria,-25.9005,28.10801,AD00104,2024-02-15T07:01:00,0,1.81,1851.66,16.975,16.97,100119,100121.6667,2.666666667,1.440149199,
J1620,pretoria,-25.9005,28.108,AD00104,2024-01-30T07:00:00,2,1.89,1894.77,16.712,16.71,99524,99532.33333,8.333333333,4.398071182,
J1624,tainan,22.99469,120.2222,AD00406,2024-05-18T01:01:00,0,1.89,2611.85,22.975,22.97,,,,,
J1626,tainan,22.99464,120.2222,AD00406,2024-05-30T01:01:00,0,1.9,2622.02,22.979,22.97,,,,,
J1632,tainan,22.99462,120.2222,AD00406,2024-03-20T01:01:00,0,1.87,86.89,0.771,0.77,,,,,
J1638,tainan,22.99467,120.2222,AD00406,2024-05-27T01:01:00,0,1.9,2627.95,22.975,22.97,,,,,
J1642,tainan,22.99464,120.2222,AD00406,2024-06-04T01:01:00,0,1.86,2572.41,22.975,22.97,,,,,
J1646,tainan,22.99465,120.2222,AD00406,2024-06-19T01:01:00,0,1.84,2541.79,22.975,22.97,,,,,
J1647,tainan,22.99467,120.2222,AD00406,2024-03-26T01:01:00,0,1.87,2581.1,22.975,22.97,,,,,
J1648,tainan,22.99461,120.2222,AD00406,2024-03-16T01:01:00,0,1.88,2596.36,22.975,22.97,,,,,
J1649,tainan,22.99465,120.2222,AD00406,2024-03-29T01:01:00,0,1.86,2564.47,22.979,22.97,,,,,
J1653,tainan,23.00264,120.2164,AD65535,2024-02-28T00:00:00,0,1.81,2616.01,24.004,46.97,,,,,
J1655,tainan,22.99465,120.2222,AD00406,2024-06-13T01:01:00,0,1.85,2553.69,22.975,22.97,,,,,
J1656,tainan,22.99465,120.2222,AD00406,2024-05-22T01:01:00,0,1.89,2614.61,22.979,22.97,,,,,
J1661,tainan,22.99464,120.2222,AD00406,2024-06-11T01:01:00,0,1.85,2558.61,22.975,22.97,,,,,
J1662,tainan,22.99463,120.2222,AD00406,2024-05-13T01:01:00,0,1.9,2626.07,22.979,22.97,,,,,
J1664,tainan,22.99464,120.2222,AD00406,2024-06-17T01:01:00,0,1.85,2557.58,22.975,22.97,,,,,
J1665,tainan,22.99463,120.2222,AD00406,2024-04-01T01:01:00,0,1.86,2568.37,22.975,22.97,,,,,
J1668,tainan,22.99467,120.2222,AD00406,2024-06-07T01:01:00,0,1.87,2578.94,22.975,22.97,,,,,
J1670,tainan,22.99466,120.2222,AD00406,2024-03-23T01:01:00,0,1.89,2612.03,22.975,22.97,,,,,
J1683,adama,8.883607,38.80966,AD00098,2024-04-28T00:00:00,0,1.83,2642.72,24.004,41.97,,,,,
J1693,adama,8.542322,39.27611,AD00412,2024-07-10T00:00:00,0,1.82,2620.69,24.004,41.32,,,,,
J1694,adama,8.542295,39.27601,AD00412,2024-07-13T00:00:00,0,1.81,2612,24.004,41.97,,,,,
J1791,noida,28.54398,77.3353,AD00414,2024-07-05T00:00:00,0,1.84,2650.04,24.004,43.99,100585,100652.3333,67.33333333,25.40842151,
J1793,noida,28.54394,77.33526,AD00414,2024-07-13T00:00:00,0,1.83,2635.64,24.004,43.99,99768,99878.33333,110.3333333,41.86206513,
J1796,noida,28.54391,77.33526,AD00414,2024-07-27T00:00:00,0,1.8,2592.43,24.004,43.99,99186.33333,99341,154.6666667,59.66088445,
J1797,noida,28.54394,77.33528,AD00414,2024-08-08T00:00:00,0,1.79,2577.92,24.003,43.65,99602,99661.66667,59.66666667,23.14527474,
J1798,noida,28.54394,77.33527,AD00414,2024-07-24T00:00:00,0,1.81,2606.83,24.004,43.99,98251.66667,98344.66667,93,35.67551394,
J1799,noida,28.54395,77.33523,AD00414,2024-07-18T00:00:00,0,1.81,2606.83,24.004,43.99,98254,98348.66667,94.66666667,36.31486007,
J1801,pasadena,34.1994,-118.173,AD00402,2024-03-20T00:00:00,0,1.86,2686.69,24.004,31.32,98189.66667,98214,24.33333333,9.056993302,
J1805,pasadena,34.19942,-118.173,AD00402,2024-03-14T00:00:00,0,1.87,2701.21,24.004,31.99,97975.33333,98037,61.66666667,22.82927528,
J1811,pasadena,34.19944,-118.173,AD00402,2024-04-25T00:00:00,0,1.8,2604.6,24.004,31.98,102319.3333,102349.3333,30,11.51808339,
J1813,pasadena,34.19942,-118.173,AD00402,2024-03-26T00:00:00,0,1.85,2675.56,24.004,31.32,99278.66667,99295,16.33333333,6.104641022,
J1820,pasadena,34.19941,-118.173,AD00402,2024-05-10T00:00:00,0,1.8,2592.69,24.004,31.98,98854,98892.33333,38.33333333,14.78515879,
J1822,pasadena,34.1995,-118.173,AD00402,2024-05-25T00:00:00,0,1.81,2613.61,24.003,31.98,100654.3333,100677.3333,23,8.800088766,
J1823,pasadena,34.19941,-118.173,AD00402,2024-05-31T00:00:00,0,1.79,2580.72,24.002,31.98,98847,98890.66667,43.66666667,16.92034264,
J1824,pasadena,34.19941,-118.173,AD00402,2024-03-29T00:00:00,0,1.84,2662.83,24.004,31.99,103445,103467.6667,22.66666667,8.512246995,
J1828,pasadena,34.19944,-118.173,AD00402,2024-04-04T00:00:00,0,1.84,2658.66,24.004,31.98,103288.6667,103318.3333,29.66666667,11.15850341,
J1829,pasadena,34.19954,-118.173,AD00402,2024-06-12T00:00:00,0,1.79,2584.3,24.004,31.97,99424.66667,99464,39.33333333,15.22011118,
J1830,pasadena,34.19944,-118.173,AD00402,2024-03-17T00:00:00,0,1.87,2695.91,24.004,31.98,98059.33333,98080.33333,21,7.789577545,
J1836,pasadena,34.19942,-118.173,AD00402,2024-03-08T00:00:00,0,1.86,2690.46,24.004,30.99,98829.33333,98843,13.66666667,5.079676586,
J1838,pasadena,34.19944,-118.173,AD00402,2024-05-07T00:00:00,0,1.8,2596.51,24.003,31.32,99714,99737.33333,23.33333333,8.986421517,
J1841,pasadena,34.19942,-118.173,AD00402,2024-06-06T00:00:00,0,1.79,2577.58,24.001,30.97,98522.33333,98565.33333,43,16.68231442,
J1842,pasadena,34.19941,-118.173,AD00402,2024-05-01T00:00:00,0,1.8,2593.71,24.004,31.99,98001.33333,98045,43.66666667,16.835601,
J1845,pasadena,34.1994,-118.173,AD00402,2024-05-16T00:00:00,0,1.8,2597.83,24.003,31.98,98990.33333,99109.33333,119,45.80746238,
J1846,pasadena,34.19941,-118.173,AD00402,2024-05-22T00:00:00,0,1.8,2595.76,24.003,31.99,101591.3333,101631,39.66666667,15.28133058,
J1848,pasadena,34.19941,-118.173,AD00402,2024-03-23T00:00:00,0,1.85,2668.55,24.004,31.98,98415.66667,98448.66667,33,12.36626632,
J1850,noida,28.54394,77.33525,AD00414,2024-07-10T00:00:00,0,1.83,2635.64,24.004,43.99,98999.66667,99168.33333,168.6666667,63.9945769,
J1855,noida,28.54393,77.33527,AD00414,2024-08-10T00:00:00,0,1.79,2577.92,24.003,43.99,97941,98002.33333,61.33333333,23.7917908,
J1857,pasadena,34.19946,-118.173,AD00402,2024-04-10T00:00:00,0,1.84,2657.95,24.004,31.99,100922.6667,100945,22.33333333,8.402465559,
J1858,pasadena,34.19945,-118.173,AD00402,2024-04-13T00:00:00,0,1.82,2628.29,24.004,31.98,98264.66667,98289,24.33333333,9.258237612,
J1860,pasadena,34.19944,-118.173,AD00402,2024-04-16T00:00:00,0,1.82,2630.07,24.004,31.99,98373.33333,98386,12.66666667,4.816094882,
J1862,noida,28.54392,77.33532,AD00414,2024-08-14T00:00:00,1,1.98,2851.56,24.003,30.67,97675.33333,97756.33333,81,28.40550436,
J1865,noida,28.54392,77.33527,AD00414,2024-08-01T00:00:00,1,1.8,2592.43,24.004,31.33,97765.33333,97816.33333,51,19.67266233,
J1871,noida,28.54393,77.33525,AD00414,2024-08-03T00:00:00,0,1.79,2574.38,23.97,23.97,99294.66667,99356.33333,61.66666667,23.95398763,
J1881,noida,28.54392,77.33525,AD00414,2024-07-21T00:00:00,0,1.81,2606.83,24.004,43.98,103312,103443,131,50.25260566,
